[2026-04-12 14:13:21,165] [[32mINFO[0m] [logger.py:112] Initializing Game Engine...
[2026-04-12 14:13:22,329] [[32mINFO[0m] [logger.py:112] Loaded single model: main
[2026-04-12 14:13:22,330] [[32mINFO[0m] [logger.py:112] No character configured, using default combat
[2026-04-12 14:13:22,330] [[32mINFO[0m] [logger.py:112] 技能队列已初始化: 11 个技能
[2026-04-12 14:13:22,330] [[32mINFO[0m] [logger.py:112] Buff管理器已初始化: 1 个Buff
[2026-04-12 14:13:22,330] [[32mINFO[0m] [logger.py:112] Map navigator initialized with 2 routes
[2026-04-12 14:13:22,330] [[32mINFO[0m] [logger.py:112] Card flipper initialized
[2026-04-12 14:13:22,330] [[32mINFO[0m] [logger.py:112] Stuck handler initialized
[2026-04-12 14:13:22,330] [[32mINFO[0m] [logger.py:112] Character switcher initialized with 2 characters
[2026-04-12 14:13:22,330] [[32mINFO[0m] [logger.py:112] Multi-character manager initialized
[2026-04-12 14:13:22,331] [[32mINFO[0m] [logger.py:112] Dungeon runner initialized (mode: new_abyss)
[2026-04-12 14:13:22,331] [[32mINFO[0m] [logger.py:128] [32m✓ All components initialized[0m
[2026-04-12 14:13:22,344] [[32mINFO[0m] [logger.py:112] Looking for window: 地下城与勇士：创新世纪
[2026-04-12 14:13:22,344] [[32mINFO[0m] [logger.py:128] [32m✓ Found window: 地下城与勇士：创新世纪[0m
[2026-04-12 14:13:22,344] [[32mINFO[0m] [logger.py:112] 执行初始化流程...
[2026-04-12 14:13:22,344] [[32mINFO[0m] [logger.py:112] 初始化流程: 按下ESC键
[2026-04-12 14:13:31,281] [[32mINFO[0m] [logger.py:112] OCR检测到'选择角色选择频道'按钮位置: (1157.0, 1074.0)
[2026-04-12 14:13:32,199] [[32mINFO[0m] [logger.py:128] [32m✓ 初始化流程执行完成[0m
[2026-04-12 14:13:32,199] [[32mINFO[0m] [logger.py:128] [32m✓ 初始化流程完成![0m
[2026-04-12 14:13:32,200] [[32mINFO[0m] [logger.py:112] Warming up detector...
[2026-04-12 14:13:32,698] [[32mINFO[0m] [logger.py:112] 执行进入副本流程...
[2026-04-12 14:13:32,698] [[32mINFO[0m] [logger.py:112] 开始进入副本流程...
[2026-04-12 14:13:38,270] [[32mINFO[0m] [logger.py:112] 进入副本完成，耗时: 5.6秒
[2026-04-12 14:13:38,270] [[32mINFO[0m] [logger.py:128] [32m✓ 进入副本成功![0m
[2026-04-12 14:13:38,270] [[32mINFO[0m] [logger.py:128] [32m✓ Engine started![0m
[2026-04-12 14:13:38,270] [[32mINFO[0m] [logger.py:112] Entering main loop...
[2026-04-12 14:14:07,823] [[32mINFO[0m] [logger.py:112] 翻牌完成：按下3键和ESC键
[2026-04-12 14:14:43,625] [[33mWARNING[0m] [logger.py:116] No door detected in TRANSITIONING state
[2026-04-12 14:14:43,690] [[33mWARNING[0m] [logger.py:116] No door detected in TRANSITIONING state
[2026-04-12 14:14:43,778] [[33mWARNING[0m] [logger.py:116] No door detected in TRANSITIONING state
[2026-04-12 14:14:43,836] [[33mWARNING[0m] [logger.py:116] No door detected in TRANSITIONING state
[2026-04-12 14:14:43,902] [[33mWARNING[0m] [logger.py:116] No door detected in TRANSITIONING state
[2026-04-12 14:14:43,964] [[33mWARNING[0m] [logger.py:116] No door detected in TRANSITIONING state
[2026-04-12 14:14:44,020] [[33mWARNING[0m] [logger.py:116] No door detected in TRANSITIONING state
[2026-04-12 14:14:44,086] [[33mWARNING[0m] [logger.py:116] No door detected in TRANSITIONING state
[2026-04-12 14:14:44,183] [[33mWARNING[0m] [logger.py:116] No door detected in TRANSITIONING state
[2026-04-12 14:14:44,244] [[33mWARNING[0m] [logger.py:116] No door detected in TRANSITIONING state
[2026-04-12 14:14:44,308] [[33mWARNING[0m] [logger.py:116] No door detected in TRANSITIONING state
[2026-04-12 14:14:44,370] [[33mWARNING[0m] [logger.py:116] No door detected in TRANSITIONING state
[2026-04-12 14:14:44,426] [[33mWARNING[0m] [logger.py:116] No door detected in TRANSITIONING state
[2026-04-12 14:14:44,528] [[33mWARNING[0m] [logger.py:116] No door detected in TRANSITIONING state
[2026-04-12 14:14:44,592] [[33mWARNING[0m] [logger.py:116] No door detected in TRANSITIONING state
[2026-04-12 14:14:44,651] [[33mWARNING[0m] [logger.py:116] No door detected in TRANSITIONING state
[2026-04-12 14:14:44,715] [[33mWARNING[0m] [logger.py:116] No door detected in TRANSITIONING state
[2026-04-12 14:14:44,779] [[33mWARNING[0m] [logger.py:116] No door detected in TRANSITIONING state
[2026-04-12 14:14:44,876] [[33mWARNING[0m] [logger.py:116] No door detected in TRANSITIONING state
[2026-04-12 14:14:44,937] [[33mWARNING[0m] [logger.py:116] No door detected in TRANSITIONING state
[2026-04-12 14:14:45,004] [[33mWARNING[0m] [logger.py:116] No door detected in TRANSITIONING state
[2026-04-12 14:14:45,067] [[33mWARNING[0m] [logger.py:116] No door detected in TRANSITIONING state
[2026-04-12 14:14:45,126] [[33mWARNING[0m] [logger.py:116] No door detected in TRANSITIONING state
[2026-04-12 14:14:45,229] [[33mWARNING[0m] [logger.py:116] No door detected in TRANSITIONING state
[2026-04-12 14:14:45,292] [[33mWARNING[0m] [logger.py:116] No door detected in TRANSITIONING state
[2026-04-12 14:14:45,353] [[33mWARNING[0m] [logger.py:116] No door detected in TRANSITIONING state
[2026-04-12 14:14:45,416] [[33mWARNING[0m] [logger.py:116] No door detected in TRANSITIONING state
[2026-04-12 14:14:45,483] [[33mWARNING[0m] [logger.py:116] No door detected in TRANSITIONING state
[2026-04-12 14:14:45,576] [[33mWARNING[0m] [logger.py:116] No door detected in TRANSITIONING state
[2026-04-12 14:14:45,640] [[33mWARNING[0m] [logger.py:116] No door detected in TRANSITIONING state
[2026-04-12 14:14:45,705] [[33mWARNING[0m] [logger.py:116] No door detected in TRANSITIONING state
[2026-04-12 14:14:45,763] [[33mWARNING[0m] [logger.py:116] No door detected in TRANSITIONING state
[2026-04-12 14:14:45,822] [[33mWARNING[0m] [logger.py:116] No door detected in TRANSITIONING state
[2026-04-12 14:14:45,918] [[33mWARNING[0m] [logger.py:116] No door detected in TRANSITIONING state
[2026-04-12 14:14:45,979] [[33mWARNING[0m] [logger.py:116] No door detected in TRANSITIONING state
[2026-04-12 14:14:46,038] [[33mWARNING[0m] [logger.py:116] No door detected in TRANSITIONING state
[2026-04-12 14:14:46,096] [[33mWARNING[0m] [logger.py:116] No door detected in TRANSITIONING state
[2026-04-12 14:14:46,159] [[33mWARNING[0m] [logger.py:116] No door detected in TRANSITIONING state
[2026-04-12 14:14:46,256] [[33mWARNING[0m] [logger.py:116] No door detected in TRANSITIONING state
[2026-04-12 14:14:46,320] [[33mWARNING[0m] [logger.py:116] No door detected in TRANSITIONING state
[2026-04-12 14:14:46,384] [[33mWARNING[0m] [logger.py:116] No door detected in TRANSITIONING state
[2026-04-12 14:14:46,444] [[33mWARNING[0m] [logger.py:116] No door detected in TRANSITIONING state
[2026-04-12 14:14:46,501] [[33mWARNING[0m] [logger.py:116] No door detected in TRANSITIONING state
[2026-04-12 14:14:46,602] [[33mWARNING[0m] [logger.py:116] No door detected in TRANSITIONING state
[2026-04-12 14:14:46,660] [[33mWARNING[0m] [logger.py:116] No door detected in TRANSITIONING state
[2026-04-12 14:14:46,719] [[33mWARNING[0m] [logger.py:116] No door detected in TRANSITIONING state
[2026-04-12 14:14:46,781] [[33mWARNING[0m] [logger.py:116] No door detected in TRANSITIONING state
[2026-04-12 14:14:46,845] [[33mWARNING[0m] [logger.py:116] No door detected in TRANSITIONING state
[2026-04-12 14:14:46,935] [[33mWARNING[0m] [logger.py:116] No door detected in TRANSITIONING state
[2026-04-12 14:14:46,994] [[33mWARNING[0m] [logger.py:116] No door detected in TRANSITIONING state
[2026-04-12 14:14:47,061] [[33mWARNING[0m] [logger.py:116] No door detected in TRANSITIONING state
[2026-04-12 14:14:47,120] [[33mWARNING[0m] [logger.py:116] No door detected in TRANSITIONING state
[2026-04-12 14:14:47,182] [[33mWARNING[0m] [logger.py:116] No door detected in TRANSITIONING state
[2026-04-12 14:14:47,281] [[33mWARNING[0m] [logger.py:116] No door detected in TRANSITIONING state
[2026-04-12 14:14:47,342] [[33mWARNING[0m] [logger.py:116] No door detected in TRANSITIONING state
[2026-04-12 14:14:47,404] [[33mWARNING[0m] [logger.py:116] No door detected in TRANSITIONING state
[2026-04-12 14:14:47,468] [[33mWARNING[0m] [logger.py:116] No door detected in TRANSITIONING state
[2026-04-12 14:14:47,529] [[33mWARNING[0m] [logger.py:116] No door detected in TRANSITIONING state
[2026-04-12 14:14:47,626] [[33mWARNING[0m] [logger.py:116] No door detected in TRANSITIONING state
[2026-04-12 14:14:47,686] [[33mWARNING[0m] [logger.py:116] No door detected in TRANSITIONING state
[2026-04-12 14:14:47,749] [[33mWARNING[0m] [logger.py:116] No door detected in TRANSITIONING state
[2026-04-12 14:14:47,810] [[33mWARNING[0m] [logger.py:116] No door detected in TRANSITIONING state
[2026-04-12 14:14:47,869] [[33mWARNING[0m] [logger.py:116] No door detected in TRANSITIONING state
[2026-04-12 14:14:47,967] [[33mWARNING[0m] [logger.py:116] No door detected in TRANSITIONING state
[2026-04-12 14:14:48,030] [[33mWARNING[0m] [logger.py:116] No door detected in TRANSITIONING state
[2026-04-12 14:14:48,089] [[33mWARNING[0m] [logger.py:116] No door detected in TRANSITIONING state
[2026-04-12 14:14:48,152] [[33mWARNING[0m] [logger.py:116] No door detected in TRANSITIONING state
[2026-04-12 14:14:48,214] [[33mWARNING[0m] [logger.py:116] No door detected in TRANSITIONING state
[2026-04-12 14:14:48,312] [[33mWARNING[0m] [logger.py:116] No door detected in TRANSITIONING state
[2026-04-12 14:14:48,379] [[33mWARNING[0m] [logger.py:116] No door detected in TRANSITIONING state
[2026-04-12 14:14:48,447] [[33mWARNING[0m] [logger.py:116] No door detected in TRANSITIONING state
[2026-04-12 14:14:48,515] [[33mWARNING[0m] [logger.py:116] No door detected in TRANSITIONING state
[2026-04-12 14:14:48,579] [[33mWARNING[0m] [logger.py:116] No door detected in TRANSITIONING state
[2026-04-12 14:14:48,689] [[33mWARNING[0m] [logger.py:116] No door detected in TRANSITIONING state
[2026-04-12 14:14:48,756] [[33mWARNING[0m] [logger.py:116] No door detected in TRANSITIONING state
[2026-04-12 14:14:48,823] [[33mWARNING[0m] [logger.py:116] No door detected in TRANSITIONING state
[2026-04-12 14:14:48,892] [[33mWARNING[0m] [logger.py:116] No door detected in TRANSITIONING state
[2026-04-12 14:14:48,958] [[33mWARNING[0m] [logger.py:116] No door detected in TRANSITIONING state
[2026-04-12 14:14:49,056] [[33mWARNING[0m] [logger.py:116] No door detected in TRANSITIONING state
[2026-04-12 14:14:49,123] [[33mWARNING[0m] [logger.py:116] No door detected in TRANSITIONING state
[2026-04-12 14:14:49,186] [[33mWARNING[0m] [logger.py:116] No door detected in TRANSITIONING state
[2026-04-12 14:14:49,246] [[33mWARNING[0m] [logger.py:116] No door detected in TRANSITIONING state
[2026-04-12 14:14:49,307] [[33mWARNING[0m] [logger.py:116] No door detected in TRANSITIONING state
[2026-04-12 14:14:49,404] [[33mWARNING[0m] [logger.py:116] No door detected in TRANSITIONING state
[2026-04-12 14:14:49,462] [[33mWARNING[0m] [logger.py:116] No door detected in TRANSITIONING state
[2026-04-12 14:14:49,526] [[33mWARNING[0m] [logger.py:116] No door detected in TRANSITIONING state
[2026-04-12 14:14:49,596] [[33mWARNING[0m] [logger.py:116] No door detected in TRANSITIONING state
[2026-04-12 14:14:49,654] [[33mWARNING[0m] [logger.py:116] No door detected in TRANSITIONING state
[2026-04-12 14:14:49,748] [[33mWARNING[0m] [logger.py:116] No door detected in TRANSITIONING state
[2026-04-12 14:14:49,810] [[33mWARNING[0m] [logger.py:116] No door detected in TRANSITIONING state
[2026-04-12 14:14:49,867] [[33mWARNING[0m] [logger.py:116] No door detected in TRANSITIONING state
[2026-04-12 14:14:49,928] [[33mWARNING[0m] [logger.py:116] No door detected in TRANSITIONING state
[2026-04-12 14:14:49,989] [[33mWARNING[0m] [logger.py:116] No door detected in TRANSITIONING state
[2026-04-12 14:14:50,083] [[33mWARNING[0m] [logger.py:116] No door detected in TRANSITIONING state
[2026-04-12 14:14:50,138] [[33mWARNING[0m] [logger.py:116] No door detected in TRANSITIONING state
[2026-04-12 14:14:50,201] [[33mWARNING[0m] [logger.py:116] No door detected in TRANSITIONING state
[2026-04-12 14:14:50,265] [[33mWARNING[0m] [logger.py:116] No door detected in TRANSITIONING state
[2026-04-12 14:14:50,322] [[33mWARNING[0m] [logger.py:116] No door detected in TRANSITIONING state
[2026-04-12 14:14:50,388] [[33mWARNING[0m] [logger.py:116] No door detected in TRANSITIONING state
[2026-04-12 14:14:50,484] [[33mWARNING[0m] [logger.py:116] No door detected in TRANSITIONING state
[2026-04-12 14:14:50,546] [[33mWARNING[0m] [logger.py:116] No door detected in TRANSITIONING state
[2026-04-12 14:14:50,607] [[33mWARNING[0m] [logger.py:116] No door detected in TRANSITIONING state
[2026-04-12 14:14:50,674] [[33mWARNING[0m] [logger.py:116] No door detected in TRANSITIONING state
[2026-04-12 14:14:50,739] [[33mWARNING[0m] [logger.py:116] No door detected in TRANSITIONING state
[2026-04-12 14:14:50,836] [[33mWARNING[0m] [logger.py:116] No door detected in TRANSITIONING state
[2026-04-12 14:14:50,900] [[33mWARNING[0m] [logger.py:116] No door detected in TRANSITIONING state
[2026-04-12 14:14:50,957] [[33mWARNING[0m] [logger.py:116] No door detected in TRANSITIONING state
[2026-04-12 14:14:51,019] [[33mWARNING[0m] [logger.py:116] No door detected in TRANSITIONING state
[2026-04-12 14:14:51,082] [[33mWARNING[0m] [logger.py:116] No door detected in TRANSITIONING state
[2026-04-12 14:14:51,174] [[33mWARNING[0m] [logger.py:116] No door detected in TRANSITIONING state
[2026-04-12 14:14:51,234] [[33mWARNING[0m] [logger.py:116] No door detected in TRANSITIONING state
[2026-04-12 14:14:51,299] [[33mWARNING[0m] [logger.py:116] No door detected in TRANSITIONING state
[2026-04-12 14:14:51,360] [[33mWARNING[0m] [logger.py:116] No door detected in TRANSITIONING state
[2026-04-12 14:14:51,418] [[33mWARNING[0m] [logger.py:116] No door detected in TRANSITIONING state
[2026-04-12 14:14:51,516] [[33mWARNING[0m] [logger.py:116] No door detected in TRANSITIONING state
[2026-04-12 14:14:51,574] [[33mWARNING[0m] [logger.py:116] No door detected in TRANSITIONING state
[2026-04-12 14:14:51,634] [[33mWARNING[0m] [logger.py:116] No door detected in TRANSITIONING state
[2026-04-12 14:14:51,694] [[33mWARNING[0m] [logger.py:116] No door detected in TRANSITIONING state
[2026-04-12 14:14:51,757] [[33mWARNING[0m] [logger.py:116] No door detected in TRANSITIONING state
[2026-04-12 14:14:51,868] [[33mWARNING[0m] [logger.py:116] No door detected in TRANSITIONING state
[2026-04-12 14:14:51,933] [[33mWARNING[0m] [logger.py:116] No door detected in TRANSITIONING state
[2026-04-12 14:14:51,999] [[33mWARNING[0m] [logger.py:116] No door detected in TRANSITIONING state
[2026-04-12 14:14:52,076] [[33mWARNING[0m] [logger.py:116] No door detected in TRANSITIONING state
[2026-04-12 14:14:52,153] [[33mWARNING[0m] [logger.py:116] No door detected in TRANSITIONING state
[2026-04-12 14:14:52,255] [[33mWARNING[0m] [logger.py:116] No door detected in TRANSITIONING state
[2026-04-12 14:14:52,316] [[33mWARNING[0m] [logger.py:116] No door detected in TRANSITIONING state
[2026-04-12 14:14:52,378] [[33mWARNING[0m] [logger.py:116] No door detected in TRANSITIONING state
[2026-04-12 14:14:52,444] [[33mWARNING[0m] [logger.py:116] No door detected in TRANSITIONING state
[2026-04-12 14:14:52,506] [[33mWARNING[0m] [logger.py:116] No door detected in TRANSITIONING state
[2026-04-12 14:14:52,607] [[33mWARNING[0m] [logger.py:116] No door detected in TRANSITIONING state
[2026-04-12 14:14:52,669] [[33mWARNING[0m] [logger.py:116] No door detected in TRANSITIONING state
[2026-04-12 14:14:52,729] [[33mWARNING[0m] [logger.py:116] No door detected in TRANSITIONING state
[2026-04-12 14:14:52,786] [[33mWARNING[0m] [logger.py:116] No door detected in TRANSITIONING state
[2026-04-12 14:14:52,851] [[33mWARNING[0m] [logger.py:116] No door detected in TRANSITIONING state
[2026-04-12 14:14:52,945] [[33mWARNING[0m] [logger.py:116] No door detected in TRANSITIONING state
[2026-04-12 14:14:53,008] [[33mWARNING[0m] [logger.py:116] No door detected in TRANSITIONING state
[2026-04-12 14:14:53,072] [[33mWARNING[0m] [logger.py:116] No door detected in TRANSITIONING state
[2026-04-12 14:14:53,135] [[33mWARNING[0m] [logger.py:116] No door detected in TRANSITIONING state
[2026-04-12 14:14:53,191] [[33mWARNING[0m] [logger.py:116] No door detected in TRANSITIONING state
[2026-04-12 14:14:53,290] [[33mWARNING[0m] [logger.py:116] No door detected in TRANSITIONING state
[2026-04-12 14:14:53,354] [[33mWARNING[0m] [logger.py:116] No door detected in TRANSITIONING state
[2026-04-12 14:14:53,413] [[33mWARNING[0m] [logger.py:116] No door detected in TRANSITIONING state
[2026-04-12 14:14:53,476] [[33mWARNING[0m] [logger.py:116] No door detected in TRANSITIONING state
[2026-04-12 14:14:53,538] [[33mWARNING[0m] [logger.py:116] No door detected in TRANSITIONING state
[2026-04-12 14:14:53,636] [[33mWARNING[0m] [logger.py:116] No door detected in TRANSITIONING state
[2026-04-12 14:14:53,695] [[33mWARNING[0m] [logger.py:116] No door detected in TRANSITIONING state
[2026-04-12 14:14:53,760] [[33mWARNING[0m] [logger.py:116] No door detected in TRANSITIONING state
[2026-04-12 14:14:53,821] [[33mWARNING[0m] [logger.py:116] No door detected in TRANSITIONING state
[2026-04-12 14:14:53,880] [[33mWARNING[0m] [logger.py:116] No door detected in TRANSITIONING state
[2026-04-12 14:14:53,972] [[33mWARNING[0m] [logger.py:116] No door detected in TRANSITIONING state
[2026-04-12 14:14:54,034] [[33mWARNING[0m] [logger.py:116] No door detected in TRANSITIONING state
[2026-04-12 14:14:54,096] [[33mWARNING[0m] [logger.py:116] No door detected in TRANSITIONING state
[2026-04-12 14:14:54,155] [[33mWARNING[0m] [logger.py:116] No door detected in TRANSITIONING state
[2026-04-12 14:14:54,216] [[33mWARNING[0m] [logger.py:116] No door detected in TRANSITIONING state
[2026-04-12 14:14:54,315] [[33mWARNING[0m] [logger.py:116] No door detected in TRANSITIONING state
[2026-04-12 14:14:54,374] [[33mWARNING[0m] [logger.py:116] No door detected in TRANSITIONING state
[2026-04-12 14:14:54,441] [[33mWARNING[0m] [logger.py:116] No door detected in TRANSITIONING state
[2026-04-12 14:14:54,504] [[33mWARNING[0m] [logger.py:116] No door detected in TRANSITIONING state
[2026-04-12 14:14:54,564] [[33mWARNING[0m] [logger.py:116] No door detected in TRANSITIONING state
[2026-04-12 14:14:54,659] [[33mWARNING[0m] [logger.py:116] No door detected in TRANSITIONING state
[2026-04-12 14:14:54,721] [[33mWARNING[0m] [logger.py:116] No door detected in TRANSITIONING state
[2026-04-12 14:14:54,782] [[33mWARNING[0m] [logger.py:116] No door detected in TRANSITIONING state
[2026-04-12 14:14:54,838] [[33mWARNING[0m] [logger.py:116] No door detected in TRANSITIONING state
[2026-04-12 14:14:54,900] [[33mWARNING[0m] [logger.py:116] No door detected in TRANSITIONING state
[2026-04-12 14:14:54,993] [[33mWARNING[0m] [logger.py:116] No door detected in TRANSITIONING state
[2026-04-12 14:14:55,056] [[33mWARNING[0m] [logger.py:116] No door detected in TRANSITIONING state
[2026-04-12 14:14:55,121] [[33mWARNING[0m] [logger.py:116] No door detected in TRANSITIONING state
[2026-04-12 14:14:55,180] [[33mWARNING[0m] [logger.py:116] No door detected in TRANSITIONING state
[2026-04-12 14:14:55,242] [[33mWARNING[0m] [logger.py:116] No door detected in TRANSITIONING state
[2026-04-12 14:14:55,342] [[33mWARNING[0m] [logger.py:116] No door detected in TRANSITIONING state
[2026-04-12 14:14:55,404] [[33mWARNING[0m] [logger.py:116] No door detected in TRANSITIONING state
[2026-04-12 14:14:55,465] [[33mWARNING[0m] [logger.py:116] No door detected in TRANSITIONING state
[2026-04-12 14:14:55,525] [[33mWARNING[0m] [logger.py:116] No door detected in TRANSITIONING state
[2026-04-12 14:14:55,587] [[33mWARNING[0m] [logger.py:116] No door detected in TRANSITIONING state
[2026-04-12 14:14:55,680] [[33mWARNING[0m] [logger.py:116] No door detected in TRANSITIONING state
[2026-04-12 14:14:55,741] [[33mWARNING[0m] [logger.py:116] No door detected in TRANSITIONING state
[2026-04-12 14:14:55,801] [[33mWARNING[0m] [logger.py:116] No door detected in TRANSITIONING state
[2026-04-12 14:14:55,863] [[33mWARNING[0m] [logger.py:116] No door detected in TRANSITIONING state
[2026-04-12 14:14:55,923] [[33mWARNING[0m] [logger.py:116] No door detected in TRANSITIONING state
[2026-04-12 14:14:56,025] [[33mWARNING[0m] [logger.py:116] No door detected in TRANSITIONING state
[2026-04-12 14:14:56,084] [[33mWARNING[0m] [logger.py:116] No door detected in TRANSITIONING state
[2026-04-12 14:14:56,147] [[33mWARNING[0m] [logger.py:116] No door detected in TRANSITIONING state
[2026-04-12 14:14:56,207] [[33mWARNING[0m] [logger.py:116] No door detected in TRANSITIONING state
[2026-04-12 14:14:56,273] [[33mWARNING[0m] [logger.py:116] No door detected in TRANSITIONING state
[2026-04-12 14:14:56,368] [[33mWARNING[0m] [logger.py:116] No door detected in TRANSITIONING state
[2026-04-12 14:14:56,427] [[33mWARNING[0m] [logger.py:116] No door detected in TRANSITIONING state
[2026-04-12 14:14:56,490] [[33mWARNING[0m] [logger.py:116] No door detected in TRANSITIONING state
[2026-04-12 14:14:56,551] [[33mWARNING[0m] [logger.py:116] No door detected in TRANSITIONING state
[2026-04-12 14:14:56,613] [[33mWARNING[0m] [logger.py:116] No door detected in TRANSITIONING state
[2026-04-12 14:14:56,713] [[33mWARNING[0m] [logger.py:116] No door detected in TRANSITIONING state
[2026-04-12 14:14:56,775] [[33mWARNING[0m] [logger.py:116] No door detected in TRANSITIONING state
[2026-04-12 14:14:56,834] [[33mWARNING[0m] [logger.py:116] No door detected in TRANSITIONING state
[2026-04-12 14:14:56,893] [[33mWARNING[0m] [logger.py:116] No door detected in TRANSITIONING state
[2026-04-12 14:14:56,954] [[33mWARNING[0m] [logger.py:116] No door detected in TRANSITIONING state
[2026-04-12 14:14:57,047] [[33mWARNING[0m] [logger.py:116] No door detected in TRANSITIONING state
[2026-04-12 14:14:57,110] [[33mWARNING[0m] [logger.py:116] No door detected in TRANSITIONING state
[2026-04-12 14:14:57,170] [[33mWARNING[0m] [logger.py:116] No door detected in TRANSITIONING state
[2026-04-12 14:14:57,232] [[33mWARNING[0m] [logger.py:116] No door detected in TRANSITIONING state
[2026-04-12 14:14:57,293] [[33mWARNING[0m] [logger.py:116] No door detected in TRANSITIONING state
[2026-04-12 14:14:57,392] [[33mWARNING[0m] [logger.py:116] No door detected in TRANSITIONING state
[2026-04-12 14:14:57,455] [[33mWARNING[0m] [logger.py:116] No door detected in TRANSITIONING state
[2026-04-12 14:14:57,517] [[33mWARNING[0m] [logger.py:116] No door detected in TRANSITIONING state
[2026-04-12 14:14:57,576] [[33mWARNING[0m] [logger.py:116] No door detected in TRANSITIONING state
[2026-04-12 14:14:57,638] [[33mWARNING[0m] [logger.py:116] No door detected in TRANSITIONING state
[2026-04-12 14:14:57,733] [[33mWARNING[0m] [logger.py:116] No door detected in TRANSITIONING state
[2026-04-12 14:14:57,792] [[33mWARNING[0m] [logger.py:116] No door detected in TRANSITIONING state
[2026-04-12 14:14:57,855] [[33mWARNING[0m] [logger.py:116] No door detected in TRANSITIONING state
[2026-04-12 14:14:57,916] [[33mWARNING[0m] [logger.py:116] No door detected in TRANSITIONING state
[2026-04-12 14:14:57,974] [[33mWARNING[0m] [logger.py:116] No door detected in TRANSITIONING state
[2026-04-12 14:14:58,073] [[33mWARNING[0m] [logger.py:116] No door detected in TRANSITIONING state
[2026-04-12 14:14:58,132] [[33mWARNING[0m] [logger.py:116] No door detected in TRANSITIONING state
[2026-04-12 14:14:58,191] [[33mWARNING[0m] [logger.py:116] No door detected in TRANSITIONING state
[2026-04-12 14:14:58,251] [[33mWARNING[0m] [logger.py:116] No door detected in TRANSITIONING state
[2026-04-12 14:14:58,312] [[33mWARNING[0m] [logger.py:116] No door detected in TRANSITIONING state
[2026-04-12 14:14:58,409] [[33mWARNING[0m] [logger.py:116] No door detected in TRANSITIONING state
[2026-04-12 14:14:58,468] [[33mWARNING[0m] [logger.py:116] No door detected in TRANSITIONING state
[2026-04-12 14:14:58,533] [[33mWARNING[0m] [logger.py:116] No door detected in TRANSITIONING state
[2026-04-12 14:14:58,594] [[33mWARNING[0m] [logger.py:116] No door detected in TRANSITIONING state
[2026-04-12 14:14:58,651] [[33mWARNING[0m] [logger.py:116] No door detected in TRANSITIONING state
[2026-04-12 14:14:58,745] [[33mWARNING[0m] [logger.py:116] No door detected in TRANSITIONING state
[2026-04-12 14:14:58,807] [[33mWARNING[0m] [logger.py:116] No door detected in TRANSITIONING state
[2026-04-12 14:14:58,866] [[33mWARNING[0m] [logger.py:116] No door detected in TRANSITIONING state
[2026-04-12 14:14:58,929] [[33mWARNING[0m] [logger.py:116] No door detected in TRANSITIONING state
[2026-04-12 14:14:58,991] [[33mWARNING[0m] [logger.py:116] No door detected in TRANSITIONING state
[2026-04-12 14:14:59,084] [[33mWARNING[0m] [logger.py:116] No door detected in TRANSITIONING state
[2026-04-12 14:14:59,143] [[33mWARNING[0m] [logger.py:116] No door detected in TRANSITIONING state
[2026-04-12 14:14:59,208] [[33mWARNING[0m] [logger.py:116] No door detected in TRANSITIONING state
[2026-04-12 14:14:59,270] [[33mWARNING[0m] [logger.py:116] No door detected in TRANSITIONING state
[2026-04-12 14:14:59,329] [[33mWARNING[0m] [logger.py:116] No door detected in TRANSITIONING state
[2026-04-12 14:14:59,427] [[33mWARNING[0m] [logger.py:116] No door detected in TRANSITIONING state
[2026-04-12 14:14:59,489] [[33mWARNING[0m] [logger.py:116] No door detected in TRANSITIONING state
[2026-04-12 14:14:59,550] [[33mWARNING[0m] [logger.py:116] No door detected in TRANSITIONING state
[2026-04-12 14:14:59,611] [[33mWARNING[0m] [logger.py:116] No door detected in TRANSITIONING state
[2026-04-12 14:14:59,674] [[33mWARNING[0m] [logger.py:116] No door detected in TRANSITIONING state
[2026-04-12 14:14:59,768] [[33mWARNING[0m] [logger.py:116] No door detected in TRANSITIONING state
[2026-04-12 14:14:59,830] [[33mWARNING[0m] [logger.py:116] No door detected in TRANSITIONING state
[2026-04-12 14:14:59,896] [[33mWARNING[0m] [logger.py:116] No door detected in TRANSITIONING state
[2026-04-12 14:14:59,954] [[33mWARNING[0m] [logger.py:116] No door detected in TRANSITIONING state
[2026-04-12 14:15:00,016] [[33mWARNING[0m] [logger.py:116] No door detected in TRANSITIONING state
[2026-04-12 14:15:00,114] [[33mWARNING[0m] [logger.py:116] No door detected in TRANSITIONING state
[2026-04-12 14:15:00,175] [[33mWARNING[0m] [logger.py:116] No door detected in TRANSITIONING state
[2026-04-12 14:15:00,232] [[33mWARNING[0m] [logger.py:116] No door detected in TRANSITIONING state
[2026-04-12 14:15:00,288] [[33mWARNING[0m] [logger.py:116] No door detected in TRANSITIONING state
[2026-04-12 14:15:00,348] [[33mWARNING[0m] [logger.py:116] No door detected in TRANSITIONING state
[2026-04-12 14:15:00,440] [[33mWARNING[0m] [logger.py:116] No door detected in TRANSITIONING state
[2026-04-12 14:15:00,498] [[33mWARNING[0m] [logger.py:116] No door detected in TRANSITIONING state
[2026-04-12 14:15:00,566] [[33mWARNING[0m] [logger.py:116] No door detected in TRANSITIONING state
[2026-04-12 14:15:00,634] [[33mWARNING[0m] [logger.py:116] No door detected in TRANSITIONING state
[2026-04-12 14:15:00,694] [[33mWARNING[0m] [logger.py:116] No door detected in TRANSITIONING state
[2026-04-12 14:15:00,787] [[33mWARNING[0m] [logger.py:116] No door detected in TRANSITIONING state
[2026-04-12 14:15:00,850] [[33mWARNING[0m] [logger.py:116] No door detected in TRANSITIONING state
[2026-04-12 14:15:00,908] [[33mWARNING[0m] [logger.py:116] No door detected in TRANSITIONING state
[2026-04-12 14:15:00,968] [[33mWARNING[0m] [logger.py:116] No door detected in TRANSITIONING state
[2026-04-12 14:15:01,035] [[33mWARNING[0m] [logger.py:116] No door detected in TRANSITIONING state
[2026-04-12 14:15:01,128] [[33mWARNING[0m] [logger.py:116] No door detected in TRANSITIONING state
[2026-04-12 14:15:01,185] [[33mWARNING[0m] [logger.py:116] No door detected in TRANSITIONING state
[2026-04-12 14:15:01,250] [[33mWARNING[0m] [logger.py:116] No door detected in TRANSITIONING state
[2026-04-12 14:15:01,312] [[33mWARNING[0m] [logger.py:116] No door detected in TRANSITIONING state
[2026-04-12 14:15:01,378] [[33mWARNING[0m] [logger.py:116] No door detected in TRANSITIONING state
[2026-04-12 14:15:01,489] [[33mWARNING[0m] [logger.py:116] No door detected in TRANSITIONING state
[2026-04-12 14:15:01,560] [[33mWARNING[0m] [logger.py:116] No door detected in TRANSITIONING state
[2026-04-12 14:15:01,626] [[33mWARNING[0m] [logger.py:116] No door detected in TRANSITIONING state
[2026-04-12 14:15:01,704] [[33mWARNING[0m] [logger.py:116] No door detected in TRANSITIONING state
[2026-04-12 14:15:01,779] [[33mWARNING[0m] [logger.py:116] No door detected in TRANSITIONING state
[2026-04-12 14:15:01,880] [[33mWARNING[0m] [logger.py:116] No door detected in TRANSITIONING state
[2026-04-12 14:15:01,954] [[33mWARNING[0m] [logger.py:116] No door detected in TRANSITIONING state
[2026-04-12 14:15:02,024] [[33mWARNING[0m] [logger.py:116] No door detected in TRANSITIONING state
[2026-04-12 14:15:02,095] [[33mWARNING[0m] [logger.py:116] No door detected in TRANSITIONING state
[2026-04-12 14:15:02,168] [[33mWARNING[0m] [logger.py:116] No door detected in TRANSITIONING state
[2026-04-12 14:15:02,274] [[33mWARNING[0m] [logger.py:116] No door detected in TRANSITIONING state
[2026-04-12 14:15:02,347] [[33mWARNING[0m] [logger.py:116] No door detected in TRANSITIONING state
[2026-04-12 14:15:02,415] [[33mWARNING[0m] [logger.py:116] No door detected in TRANSITIONING state
[2026-04-12 14:15:02,484] [[33mWARNING[0m] [logger.py:116] No door detected in TRANSITIONING state
[2026-04-12 14:15:02,555] [[33mWARNING[0m] [logger.py:116] No door detected in TRANSITIONING state
[2026-04-12 14:15:02,656] [[33mWARNING[0m] [logger.py:116] No door detected in TRANSITIONING state
[2026-04-12 14:15:02,725] [[33mWARNING[0m] [logger.py:116] No door detected in TRANSITIONING state
[2026-04-12 14:15:02,802] [[33mWARNING[0m] [logger.py:116] No door detected in TRANSITIONING state
[2026-04-12 14:15:02,873] [[33mWARNING[0m] [logger.py:116] No door detected in TRANSITIONING state
[2026-04-12 14:15:02,941] [[33mWARNING[0m] [logger.py:116] No door detected in TRANSITIONING state
[2026-04-12 14:15:03,044] [[33mWARNING[0m] [logger.py:116] No door detected in TRANSITIONING state
[2026-04-12 14:15:03,112] [[33mWARNING[0m] [logger.py:116] No door detected in TRANSITIONING state
[2026-04-12 14:15:03,180] [[33mWARNING[0m] [logger.py:116] No door detected in TRANSITIONING state
[2026-04-12 14:15:03,251] [[33mWARNING[0m] [logger.py:116] No door detected in TRANSITIONING state
[2026-04-12 14:15:03,319] [[33mWARNING[0m] [logger.py:116] No door detected in TRANSITIONING state
[2026-04-12 14:15:03,423] [[33mWARNING[0m] [logger.py:116] No door detected in TRANSITIONING state
[2026-04-12 14:15:03,493] [[33mWARNING[0m] [logger.py:116] No door detected in TRANSITIONING state
[2026-04-12 14:15:03,562] [[33mWARNING[0m] [logger.py:116] No door detected in TRANSITIONING state
[2026-04-12 14:15:03,630] [[33mWARNING[0m] [logger.py:116] No door detected in TRANSITIONING state
[2026-04-12 14:15:03,699] [[33mWARNING[0m] [logger.py:116] No door detected in TRANSITIONING state
[2026-04-12 14:15:03,798] [[33mWARNING[0m] [logger.py:116] No door detected in TRANSITIONING state
[2026-04-12 14:15:03,870] [[33mWARNING[0m] [logger.py:116] No door detected in TRANSITIONING state
[2026-04-12 14:15:03,941] [[33mWARNING[0m] [logger.py:116] No door detected in TRANSITIONING state
[2026-04-12 14:15:04,005] [[33mWARNING[0m] [logger.py:116] No door detected in TRANSITIONING state
[2026-04-12 14:15:04,069] [[33mWARNING[0m] [logger.py:116] No door detected in TRANSITIONING state
[2026-04-12 14:15:04,165] [[33mWARNING[0m] [logger.py:116] No door detected in TRANSITIONING state
[2026-04-12 14:15:04,231] [[33mWARNING[0m] [logger.py:116] No door detected in TRANSITIONING state
[2026-04-12 14:15:04,290] [[33mWARNING[0m] [logger.py:116] No door detected in TRANSITIONING state
[2026-04-12 14:15:04,351] [[33mWARNING[0m] [logger.py:116] No door detected in TRANSITIONING state
[2026-04-12 14:15:04,408] [[33mWARNING[0m] [logger.py:116] No door detected in TRANSITIONING state
[2026-04-12 14:15:04,503] [[33mWARNING[0m] [logger.py:116] No door detected in TRANSITIONING state
[2026-04-12 14:15:04,567] [[33mWARNING[0m] [logger.py:116] No door detected in TRANSITIONING state
[2026-04-12 14:15:04,625] [[33mWARNING[0m] [logger.py:116] No door detected in TRANSITIONING state
[2026-04-12 14:15:04,685] [[33mWARNING[0m] [logger.py:116] No door detected in TRANSITIONING state
[2026-04-12 14:15:04,746] [[33mWARNING[0m] [logger.py:116] No door detected in TRANSITIONING state
[2026-04-12 14:15:04,838] [[33mWARNING[0m] [logger.py:116] No door detected in TRANSITIONING state
[2026-04-12 14:15:04,899] [[33mWARNING[0m] [logger.py:116] No door detected in TRANSITIONING state
[2026-04-12 14:15:04,961] [[33mWARNING[0m] [logger.py:116] No door detected in TRANSITIONING state
[2026-04-12 14:15:05,023] [[33mWARNING[0m] [logger.py:116] No door detected in TRANSITIONING state
[2026-04-12 14:15:05,084] [[33mWARNING[0m] [logger.py:116] No door detected in TRANSITIONING state
[2026-04-12 14:15:05,183] [[33mWARNING[0m] [logger.py:116] No door detected in TRANSITIONING state
[2026-04-12 14:15:05,245] [[33mWARNING[0m] [logger.py:116] No door detected in TRANSITIONING state
[2026-04-12 14:15:05,305] [[33mWARNING[0m] [logger.py:116] No door detected in TRANSITIONING state
[2026-04-12 14:15:05,366] [[33mWARNING[0m] [logger.py:116] No door detected in TRANSITIONING state
[2026-04-12 14:15:05,428] [[33mWARNING[0m] [logger.py:116] No door detected in TRANSITIONING state
[2026-04-12 14:15:05,521] [[33mWARNING[0m] [logger.py:116] No door detected in TRANSITIONING state
[2026-04-12 14:15:05,579] [[33mWARNING[0m] [logger.py:116] No door detected in TRANSITIONING state
[2026-04-12 14:15:05,641] [[33mWARNING[0m] [logger.py:116] No door detected in TRANSITIONING state
[2026-04-12 14:15:05,701] [[33mWARNING[0m] [logger.py:116] No door detected in TRANSITIONING state
[2026-04-12 14:15:05,765] [[33mWARNING[0m] [logger.py:116] No door detected in TRANSITIONING state
[2026-04-12 14:15:05,864] [[33mWARNING[0m] [logger.py:116] No door detected in TRANSITIONING state
[2026-04-12 14:15:05,923] [[33mWARNING[0m] [logger.py:116] No door detected in TRANSITIONING state
[2026-04-12 14:15:05,984] [[33mWARNING[0m] [logger.py:116] No door detected in TRANSITIONING state
[2026-04-12 14:15:06,047] [[33mWARNING[0m] [logger.py:116] No door detected in TRANSITIONING state
[2026-04-12 14:15:06,114] [[33mWARNING[0m] [logger.py:116] No door detected in TRANSITIONING state
[2026-04-12 14:15:06,207] [[33mWARNING[0m] [logger.py:116] No door detected in TRANSITIONING state
[2026-04-12 14:15:06,271] [[33mWARNING[0m] [logger.py:116] No door detected in TRANSITIONING state
[2026-04-12 14:15:06,337] [[33mWARNING[0m] [logger.py:116] No door detected in TRANSITIONING state
[2026-04-12 14:15:06,398] [[33mWARNING[0m] [logger.py:116] No door detected in TRANSITIONING state
[2026-04-12 14:15:06,457] [[33mWARNING[0m] [logger.py:116] No door detected in TRANSITIONING state
[2026-04-12 14:15:06,554] [[33mWARNING[0m] [logger.py:116] No door detected in TRANSITIONING state
[2026-04-12 14:15:06,616] [[33mWARNING[0m] [logger.py:116] No door detected in TRANSITIONING state
[2026-04-12 14:15:06,678] [[33mWARNING[0m] [logger.py:116] No door detected in TRANSITIONING state
[2026-04-12 14:15:06,739] [[33mWARNING[0m] [logger.py:116] No door detected in TRANSITIONING state
[2026-04-12 14:15:06,803] [[33mWARNING[0m] [logger.py:116] No door detected in TRANSITIONING state
[2026-04-12 14:15:06,907] [[33mWARNING[0m] [logger.py:116] No door detected in TRANSITIONING state
[2026-04-12 14:15:06,971] [[33mWARNING[0m] [logger.py:116] No door detected in TRANSITIONING state
[2026-04-12 14:15:07,039] [[33mWARNING[0m] [logger.py:116] No door detected in TRANSITIONING state
[2026-04-12 14:15:07,108] [[33mWARNING[0m] [logger.py:116] No door detected in TRANSITIONING state
[2026-04-12 14:15:07,173] [[33mWARNING[0m] [logger.py:116] No door detected in TRANSITIONING state
[2026-04-12 14:15:07,277] [[33mWARNING[0m] [logger.py:116] No door detected in TRANSITIONING state
[2026-04-12 14:15:07,339] [[33mWARNING[0m] [logger.py:116] No door detected in TRANSITIONING state
[2026-04-12 14:15:07,397] [[33mWARNING[0m] [logger.py:116] No door detected in TRANSITIONING state
[2026-04-12 14:15:07,461] [[33mWARNING[0m] [logger.py:116] No door detected in TRANSITIONING state
[2026-04-12 14:15:07,525] [[33mWARNING[0m] [logger.py:116] No door detected in TRANSITIONING state
[2026-04-12 14:15:07,623] [[33mWARNING[0m] [logger.py:116] No door detected in TRANSITIONING state
[2026-04-12 14:15:07,684] [[33mWARNING[0m] [logger.py:116] No door detected in TRANSITIONING state
[2026-04-12 14:15:07,746] [[33mWARNING[0m] [logger.py:116] No door detected in TRANSITIONING state
[2026-04-12 14:15:07,805] [[33mWARNING[0m] [logger.py:116] No door detected in TRANSITIONING state
[2026-04-12 14:15:07,868] [[33mWARNING[0m] [logger.py:116] No door detected in TRANSITIONING state
[2026-04-12 14:15:07,967] [[33mWARNING[0m] [logger.py:116] No door detected in TRANSITIONING state
[2026-04-12 14:15:08,029] [[33mWARNING[0m] [logger.py:116] No door detected in TRANSITIONING state
[2026-04-12 14:15:08,093] [[33mWARNING[0m] [logger.py:116] No door detected in TRANSITIONING state
[2026-04-12 14:15:08,156] [[33mWARNING[0m] [logger.py:116] No door detected in TRANSITIONING state
[2026-04-12 14:15:08,219] [[33mWARNING[0m] [logger.py:116] No door detected in TRANSITIONING state
[2026-04-12 14:15:08,316] [[33mWARNING[0m] [logger.py:116] No door detected in TRANSITIONING state
[2026-04-12 14:15:08,381] [[33mWARNING[0m] [logger.py:116] No door detected in TRANSITIONING state
[2026-04-12 14:15:08,446] [[33mWARNING[0m] [logger.py:116] No door detected in TRANSITIONING state
[2026-04-12 14:15:08,505] [[33mWARNING[0m] [logger.py:116] No door detected in TRANSITIONING state
[2026-04-12 14:15:08,563] [[33mWARNING[0m] [logger.py:116] No door detected in TRANSITIONING state
[2026-04-12 14:15:08,664] [[33mWARNING[0m] [logger.py:116] No door detected in TRANSITIONING state
[2026-04-12 14:15:08,725] [[33mWARNING[0m] [logger.py:116] No door detected in TRANSITIONING state
[2026-04-12 14:15:08,784] [[33mWARNING[0m] [logger.py:116] No door detected in TRANSITIONING state
[2026-04-12 14:15:08,847] [[33mWARNING[0m] [logger.py:116] No door detected in TRANSITIONING state
[2026-04-12 14:15:08,909] [[33mWARNING[0m] [logger.py:116] No door detected in TRANSITIONING state
[2026-04-12 14:15:09,000] [[33mWARNING[0m] [logger.py:116] No door detected in TRANSITIONING state
[2026-04-12 14:15:09,058] [[33mWARNING[0m] [logger.py:116] No door detected in TRANSITIONING state
[2026-04-12 14:15:09,120] [[33mWARNING[0m] [logger.py:116] No door detected in TRANSITIONING state
[2026-04-12 14:15:09,179] [[33mWARNING[0m] [logger.py:116] No door detected in TRANSITIONING state
[2026-04-12 14:15:09,236] [[33mWARNING[0m] [logger.py:116] No door detected in TRANSITIONING state
[2026-04-12 14:15:09,299] [[33mWARNING[0m] [logger.py:116] No door detected in TRANSITIONING state
[2026-04-12 14:15:09,396] [[33mWARNING[0m] [logger.py:116] No door detected in TRANSITIONING state
[2026-04-12 14:15:09,455] [[33mWARNING[0m] [logger.py:116] No door detected in TRANSITIONING state
[2026-04-12 14:15:09,519] [[33mWARNING[0m] [logger.py:116] No door detected in TRANSITIONING state
[2026-04-12 14:15:09,581] [[33mWARNING[0m] [logger.py:116] No door detected in TRANSITIONING state
[2026-04-12 14:15:09,644] [[33mWARNING[0m] [logger.py:116] No door detected in TRANSITIONING state
[2026-04-12 14:15:09,741] [[33mWARNING[0m] [logger.py:116] No door detected in TRANSITIONING state
[2026-04-12 14:15:09,802] [[33mWARNING[0m] [logger.py:116] No door detected in TRANSITIONING state
[2026-04-12 14:15:09,861] [[33mWARNING[0m] [logger.py:116] No door detected in TRANSITIONING state
[2026-04-12 14:15:09,923] [[33mWARNING[0m] [logger.py:116] No door detected in TRANSITIONING state
[2026-04-12 14:15:09,984] [[33mWARNING[0m] [logger.py:116] No door detected in TRANSITIONING state
[2026-04-12 14:15:10,082] [[33mWARNING[0m] [logger.py:116] No door detected in TRANSITIONING state
[2026-04-12 14:15:10,147] [[33mWARNING[0m] [logger.py:116] No door detected in TRANSITIONING state
[2026-04-12 14:15:10,211] [[33mWARNING[0m] [logger.py:116] No door detected in TRANSITIONING state
[2026-04-12 14:15:10,271] [[33mWARNING[0m] [logger.py:116] No door detected in TRANSITIONING state
[2026-04-12 14:15:10,329] [[33mWARNING[0m] [logger.py:116] No door detected in TRANSITIONING state
[2026-04-12 14:15:10,428] [[33mWARNING[0m] [logger.py:116] No door detected in TRANSITIONING state
[2026-04-12 14:15:10,488] [[33mWARNING[0m] [logger.py:116] No door detected in TRANSITIONING state
[2026-04-12 14:15:10,550] [[33mWARNING[0m] [logger.py:116] No door detected in TRANSITIONING state
[2026-04-12 14:15:10,613] [[33mWARNING[0m] [logger.py:116] No door detected in TRANSITIONING state
[2026-04-12 14:15:10,676] [[33mWARNING[0m] [logger.py:116] No door detected in TRANSITIONING state
[2026-04-12 14:15:10,770] [[33mWARNING[0m] [logger.py:116] No door detected in TRANSITIONING state
[2026-04-12 14:15:10,833] [[33mWARNING[0m] [logger.py:116] No door detected in TRANSITIONING state
[2026-04-12 14:15:10,899] [[33mWARNING[0m] [logger.py:116] No door detected in TRANSITIONING state
[2026-04-12 14:15:10,959] [[33mWARNING[0m] [logger.py:116] No door detected in TRANSITIONING state
[2026-04-12 14:15:11,019] [[33mWARNING[0m] [logger.py:116] No door detected in TRANSITIONING state
[2026-04-12 14:15:11,114] [[33mWARNING[0m] [logger.py:116] No door detected in TRANSITIONING state
[2026-04-12 14:15:11,173] [[33mWARNING[0m] [logger.py:116] No door detected in TRANSITIONING state
[2026-04-12 14:15:11,237] [[33mWARNING[0m] [logger.py:116] No door detected in TRANSITIONING state
[2026-04-12 14:15:11,299] [[33mWARNING[0m] [logger.py:116] No door detected in TRANSITIONING state
[2026-04-12 14:15:11,358] [[33mWARNING[0m] [logger.py:116] No door detected in TRANSITIONING state
[2026-04-12 14:15:11,456] [[33mWARNING[0m] [logger.py:116] No door detected in TRANSITIONING state
[2026-04-12 14:15:11,519] [[33mWARNING[0m] [logger.py:116] No door detected in TRANSITIONING state
[2026-04-12 14:15:11,582] [[33mWARNING[0m] [logger.py:116] No door detected in TRANSITIONING state
[2026-04-12 14:15:11,644] [[33mWARNING[0m] [logger.py:116] No door detected in TRANSITIONING state
[2026-04-12 14:15:11,705] [[33mWARNING[0m] [logger.py:116] No door detected in TRANSITIONING state
[2026-04-12 14:15:11,802] [[33mWARNING[0m] [logger.py:116] No door detected in TRANSITIONING state
[2026-04-12 14:15:11,867] [[33mWARNING[0m] [logger.py:116] No door detected in TRANSITIONING state
[2026-04-12 14:15:11,924] [[33mWARNING[0m] [logger.py:116] No door detected in TRANSITIONING state
[2026-04-12 14:15:11,988] [[33mWARNING[0m] [logger.py:116] No door detected in TRANSITIONING state
[2026-04-12 14:15:12,051] [[33mWARNING[0m] [logger.py:116] No door detected in TRANSITIONING state
[2026-04-12 14:15:12,148] [[33mWARNING[0m] [logger.py:116] No door detected in TRANSITIONING state
[2026-04-12 14:15:12,211] [[33mWARNING[0m] [logger.py:116] No door detected in TRANSITIONING state
[2026-04-12 14:15:12,281] [[33mWARNING[0m] [logger.py:116] No door detected in TRANSITIONING state
[2026-04-12 14:15:12,341] [[33mWARNING[0m] [logger.py:116] No door detected in TRANSITIONING state
[2026-04-12 14:15:12,396] [[33mWARNING[0m] [logger.py:116] No door detected in TRANSITIONING state
[2026-04-12 14:15:12,494] [[33mWARNING[0m] [logger.py:116] No door detected in TRANSITIONING state
[2026-04-12 14:15:12,558] [[33mWARNING[0m] [logger.py:116] No door detected in TRANSITIONING state
[2026-04-12 14:15:12,618] [[33mWARNING[0m] [logger.py:116] No door detected in TRANSITIONING state
[2026-04-12 14:15:12,686] [[33mWARNING[0m] [logger.py:116] No door detected in TRANSITIONING state
[2026-04-12 14:15:12,749] [[33mWARNING[0m] [logger.py:116] No door detected in TRANSITIONING state
[2026-04-12 14:15:12,851] [[33mWARNING[0m] [logger.py:116] No door detected in TRANSITIONING state
[2026-04-12 14:15:12,922] [[33mWARNING[0m] [logger.py:116] No door detected in TRANSITIONING state
[2026-04-12 14:15:12,990] [[33mWARNING[0m] [logger.py:116] No door detected in TRANSITIONING state
[2026-04-12 14:15:13,066] [[33mWARNING[0m] [logger.py:116] No door detected in TRANSITIONING state
[2026-04-12 14:15:13,133] [[33mWARNING[0m] [logger.py:116] No door detected in TRANSITIONING state
[2026-04-12 14:15:13,234] [[33mWARNING[0m] [logger.py:116] No door detected in TRANSITIONING state
[2026-04-12 14:15:13,286] [[33mWARNING[0m] [logger.py:116] No door detected in TRANSITIONING state
[2026-04-12 14:15:13,341] [[33mWARNING[0m] [logger.py:116] No door detected in TRANSITIONING state
[2026-04-12 14:15:13,399] [[33mWARNING[0m] [logger.py:116] No door detected in TRANSITIONING state
[2026-04-12 14:15:13,457] [[33mWARNING[0m] [logger.py:116] No door detected in TRANSITIONING state
[2026-04-12 14:15:13,511] [[33mWARNING[0m] [logger.py:116] No door detected in TRANSITIONING state
[2026-04-12 14:15:13,604] [[33mWARNING[0m] [logger.py:116] No door detected in TRANSITIONING state
[2026-04-12 14:15:13,664] [[33mWARNING[0m] [logger.py:116] No door detected in TRANSITIONING state
[2026-04-12 14:15:13,716] [[33mWARNING[0m] [logger.py:116] No door detected in TRANSITIONING state
[2026-04-12 14:15:13,771] [[33mWARNING[0m] [logger.py:116] No door detected in TRANSITIONING state
[2026-04-12 14:15:13,828] [[33mWARNING[0m] [logger.py:116] No door detected in TRANSITIONING state
[2026-04-12 14:15:13,885] [[33mWARNING[0m] [logger.py:116] No door detected in TRANSITIONING state
[2026-04-12 14:15:13,971] [[33mWARNING[0m] [logger.py:116] No door detected in TRANSITIONING state
[2026-04-12 14:15:14,027] [[33mWARNING[0m] [logger.py:116] No door detected in TRANSITIONING state
[2026-04-12 14:15:14,084] [[33mWARNING[0m] [logger.py:116] No door detected in TRANSITIONING state
[2026-04-12 14:15:14,135] [[33mWARNING[0m] [logger.py:116] No door detected in TRANSITIONING state
[2026-04-12 14:15:14,187] [[33mWARNING[0m] [logger.py:116] No door detected in TRANSITIONING state
[2026-04-12 14:15:14,243] [[33mWARNING[0m] [logger.py:116] No door detected in TRANSITIONING state
[2026-04-12 14:15:14,331] [[33mWARNING[0m] [logger.py:116] No door detected in TRANSITIONING state
[2026-04-12 14:15:14,387] [[33mWARNING[0m] [logger.py:116] No door detected in TRANSITIONING state
[2026-04-12 14:15:14,442] [[33mWARNING[0m] [logger.py:116] No door detected in TRANSITIONING state
[2026-04-12 14:15:14,502] [[33mWARNING[0m] [logger.py:116] No door detected in TRANSITIONING state
[2026-04-12 14:15:14,556] [[33mWARNING[0m] [logger.py:116] No door detected in TRANSITIONING state
[2026-04-12 14:15:14,606] [[33mWARNING[0m] [logger.py:116] No door detected in TRANSITIONING state
[2026-04-12 14:15:14,702] [[33mWARNING[0m] [logger.py:116] No door detected in TRANSITIONING state
[2026-04-12 14:15:14,756] [[33mWARNING[0m] [logger.py:116] No door detected in TRANSITIONING state
[2026-04-12 14:15:14,809] [[33mWARNING[0m] [logger.py:116] No door detected in TRANSITIONING state
[2026-04-12 14:15:14,858] [[33mWARNING[0m] [logger.py:116] No door detected in TRANSITIONING state
[2026-04-12 14:15:14,913] [[33mWARNING[0m] [logger.py:116] No door detected in TRANSITIONING state
[2026-04-12 14:15:14,967] [[33mWARNING[0m] [logger.py:116] No door detected in TRANSITIONING state
[2026-04-12 14:15:15,054] [[33mWARNING[0m] [logger.py:116] No door detected in TRANSITIONING state
[2026-04-12 14:15:15,107] [[33mWARNING[0m] [logger.py:116] No door detected in TRANSITIONING state
[2026-04-12 14:15:15,162] [[33mWARNING[0m] [logger.py:116] No door detected in TRANSITIONING state
[2026-04-12 14:15:15,221] [[33mWARNING[0m] [logger.py:116] No door detected in TRANSITIONING state
[2026-04-12 14:15:15,273] [[33mWARNING[0m] [logger.py:116] No door detected in TRANSITIONING state
[2026-04-12 14:15:15,324] [[33mWARNING[0m] [logger.py:116] No door detected in TRANSITIONING state
[2026-04-12 14:15:15,415] [[33mWARNING[0m] [logger.py:116] No door detected in TRANSITIONING state
[2026-04-12 14:15:15,469] [[33mWARNING[0m] [logger.py:116] No door detected in TRANSITIONING state
[2026-04-12 14:15:15,523] [[33mWARNING[0m] [logger.py:116] No door detected in TRANSITIONING state
[2026-04-12 14:15:15,577] [[33mWARNING[0m] [logger.py:116] No door detected in TRANSITIONING state
[2026-04-12 14:15:15,636] [[33mWARNING[0m] [logger.py:116] No door detected in TRANSITIONING state
[2026-04-12 14:15:36,371] [[33mWARNING[0m] [logger.py:116] No door detected in TRANSITIONING state
[2026-04-12 14:15:36,456] [[33mWARNING[0m] [logger.py:116] No door detected in TRANSITIONING state
[2026-04-12 14:15:36,510] [[33mWARNING[0m] [logger.py:116] No door detected in TRANSITIONING state
[2026-04-12 14:15:36,563] [[33mWARNING[0m] [logger.py:116] No door detected in TRANSITIONING state
[2026-04-12 14:15:36,615] [[33mWARNING[0m] [logger.py:116] No door detected in TRANSITIONING state
[2026-04-12 14:15:36,669] [[33mWARNING[0m] [logger.py:116] No door detected in TRANSITIONING state
[2026-04-12 14:15:36,725] [[33mWARNING[0m] [logger.py:116] No door detected in TRANSITIONING state
[2026-04-12 14:15:36,811] [[33mWARNING[0m] [logger.py:116] No door detected in TRANSITIONING state
[2026-04-12 14:15:36,870] [[33mWARNING[0m] [logger.py:116] No door detected in TRANSITIONING state
[2026-04-12 14:15:36,935] [[33mWARNING[0m] [logger.py:116] No door detected in TRANSITIONING state
[2026-04-12 14:15:36,997] [[33mWARNING[0m] [logger.py:116] No door detected in TRANSITIONING state
[2026-04-12 14:15:37,055] [[33mWARNING[0m] [logger.py:116] No door detected in TRANSITIONING state
[2026-04-12 14:15:37,121] [[33mWARNING[0m] [logger.py:116] No door detected in TRANSITIONING state
[2026-04-12 14:15:37,212] [[33mWARNING[0m] [logger.py:116] No door detected in TRANSITIONING state
[2026-04-12 14:15:37,263] [[33mWARNING[0m] [logger.py:116] No door detected in TRANSITIONING state
[2026-04-12 14:15:37,321] [[33mWARNING[0m] [logger.py:116] No door detected in TRANSITIONING state
[2026-04-12 14:15:37,382] [[33mWARNING[0m] [logger.py:116] No door detected in TRANSITIONING state
[2026-04-12 14:15:37,436] [[33mWARNING[0m] [logger.py:116] No door detected in TRANSITIONING state
[2026-04-12 14:15:37,491] [[33mWARNING[0m] [logger.py:116] No door detected in TRANSITIONING state
[2026-04-12 14:15:37,579] [[33mWARNING[0m] [logger.py:116] No door detected in TRANSITIONING state
[2026-04-12 14:15:37,634] [[33mWARNING[0m] [logger.py:116] No door detected in TRANSITIONING state
[2026-04-12 14:15:37,685] [[33mWARNING[0m] [logger.py:116] No door detected in TRANSITIONING state
[2026-04-12 14:15:37,740] [[33mWARNING[0m] [logger.py:116] No door detected in TRANSITIONING state
[2026-04-12 14:15:37,797] [[33mWARNING[0m] [logger.py:116] No door detected in TRANSITIONING state
[2026-04-12 14:15:37,848] [[33mWARNING[0m] [logger.py:116] No door detected in TRANSITIONING state
[2026-04-12 14:15:37,931] [[33mWARNING[0m] [logger.py:116] No door detected in TRANSITIONING state
[2026-04-12 14:15:37,987] [[33mWARNING[0m] [logger.py:116] No door detected in TRANSITIONING state
[2026-04-12 14:15:38,041] [[33mWARNING[0m] [logger.py:116] No door detected in TRANSITIONING state
[2026-04-12 14:15:38,092] [[33mWARNING[0m] [logger.py:116] No door detected in TRANSITIONING state
[2026-04-12 14:15:38,148] [[33mWARNING[0m] [logger.py:116] No door detected in TRANSITIONING state
[2026-04-12 14:15:38,205] [[33mWARNING[0m] [logger.py:116] No door detected in TRANSITIONING state
[2026-04-12 14:15:38,293] [[33mWARNING[0m] [logger.py:116] No door detected in TRANSITIONING state
[2026-04-12 14:15:38,346] [[33mWARNING[0m] [logger.py:116] No door detected in TRANSITIONING state
[2026-04-12 14:15:38,403] [[33mWARNING[0m] [logger.py:116] No door detected in TRANSITIONING state
[2026-04-12 14:15:38,464] [[33mWARNING[0m] [logger.py:116] No door detected in TRANSITIONING state
[2026-04-12 14:15:38,517] [[33mWARNING[0m] [logger.py:116] No door detected in TRANSITIONING state
[2026-04-12 14:15:38,573] [[33mWARNING[0m] [logger.py:116] No door detected in TRANSITIONING state
[2026-04-12 14:15:38,663] [[33mWARNING[0m] [logger.py:116] No door detected in TRANSITIONING state
[2026-04-12 14:15:38,714] [[33mWARNING[0m] [logger.py:116] No door detected in TRANSITIONING state
[2026-04-12 14:15:38,767] [[33mWARNING[0m] [logger.py:116] No door detected in TRANSITIONING state
[2026-04-12 14:15:38,826] [[33mWARNING[0m] [logger.py:116] No door detected in TRANSITIONING state
[2026-04-12 14:15:38,880] [[33mWARNING[0m] [logger.py:116] No door detected in TRANSITIONING state
[2026-04-12 14:15:38,934] [[33mWARNING[0m] [logger.py:116] No door detected in TRANSITIONING state
[2026-04-12 14:15:39,020] [[33mWARNING[0m] [logger.py:116] No door detected in TRANSITIONING state
[2026-04-12 14:15:39,077] [[33mWARNING[0m] [logger.py:116] No door detected in TRANSITIONING state
[2026-04-12 14:15:39,129] [[33mWARNING[0m] [logger.py:116] No door detected in TRANSITIONING state
[2026-04-12 14:15:39,180] [[33mWARNING[0m] [logger.py:116] No door detected in TRANSITIONING state
[2026-04-12 14:15:39,230] [[33mWARNING[0m] [logger.py:116] No door detected in TRANSITIONING state
[2026-04-12 14:15:39,289] [[33mWARNING[0m] [logger.py:116] No door detected in TRANSITIONING state
[2026-04-12 14:15:39,378] [[33mWARNING[0m] [logger.py:116] No door detected in TRANSITIONING state
[2026-04-12 14:15:39,430] [[33mWARNING[0m] [logger.py:116] No door detected in TRANSITIONING state
[2026-04-12 14:15:39,487] [[33mWARNING[0m] [logger.py:116] No door detected in TRANSITIONING state
[2026-04-12 14:15:39,543] [[33mWARNING[0m] [logger.py:116] No door detected in TRANSITIONING state
[2026-04-12 14:15:39,596] [[33mWARNING[0m] [logger.py:116] No door detected in TRANSITIONING state
[2026-04-12 14:15:39,658] [[33mWARNING[0m] [logger.py:116] No door detected in TRANSITIONING state
[2026-04-12 14:15:39,749] [[33mWARNING[0m] [logger.py:116] No door detected in TRANSITIONING state
[2026-04-12 14:15:39,799] [[33mWARNING[0m] [logger.py:116] No door detected in TRANSITIONING state
[2026-04-12 14:15:39,851] [[33mWARNING[0m] [logger.py:116] No door detected in TRANSITIONING state
[2026-04-12 14:15:39,907] [[33mWARNING[0m] [logger.py:116] No door detected in TRANSITIONING state
[2026-04-12 14:15:40,154] [[33mWARNING[0m] [logger.py:116] No door detected in TRANSITIONING state
[2026-04-12 14:15:40,208] [[33mWARNING[0m] [logger.py:116] No door detected in TRANSITIONING state
[2026-04-12 14:15:40,260] [[33mWARNING[0m] [logger.py:116] No door detected in TRANSITIONING state
[2026-04-12 14:15:40,315] [[33mWARNING[0m] [logger.py:116] No door detected in TRANSITIONING state
[2026-04-12 14:15:40,371] [[33mWARNING[0m] [logger.py:116] No door detected in TRANSITIONING state
[2026-04-12 14:15:40,428] [[33mWARNING[0m] [logger.py:116] No door detected in TRANSITIONING state
[2026-04-12 14:15:40,515] [[33mWARNING[0m] [logger.py:116] No door detected in TRANSITIONING state
[2026-04-12 14:15:40,572] [[33mWARNING[0m] [logger.py:116] No door detected in TRANSITIONING state
[2026-04-12 14:15:40,630] [[33mWARNING[0m] [logger.py:116] No door detected in TRANSITIONING state
[2026-04-12 14:15:40,679] [[33mWARNING[0m] [logger.py:116] No door detected in TRANSITIONING state
[2026-04-12 14:15:40,733] [[33mWARNING[0m] [logger.py:116] No door detected in TRANSITIONING state
[2026-04-12 14:15:40,790] [[33mWARNING[0m] [logger.py:116] No door detected in TRANSITIONING state
[2026-04-12 14:15:40,877] [[33mWARNING[0m] [logger.py:116] No door detected in TRANSITIONING state
[2026-04-12 14:15:40,929] [[33mWARNING[0m] [logger.py:116] No door detected in TRANSITIONING state
[2026-04-12 14:15:40,979] [[33mWARNING[0m] [logger.py:116] No door detected in TRANSITIONING state
[2026-04-12 14:15:41,035] [[33mWARNING[0m] [logger.py:116] No door detected in TRANSITIONING state
[2026-04-12 14:15:41,093] [[33mWARNING[0m] [logger.py:116] No door detected in TRANSITIONING state
[2026-04-12 14:15:41,145] [[33mWARNING[0m] [logger.py:116] No door detected in TRANSITIONING state
[2026-04-12 14:15:41,231] [[33mWARNING[0m] [logger.py:116] No door detected in TRANSITIONING state
[2026-04-12 14:15:41,292] [[33mWARNING[0m] [logger.py:116] No door detected in TRANSITIONING state
[2026-04-12 14:15:41,344] [[33mWARNING[0m] [logger.py:116] No door detected in TRANSITIONING state
[2026-04-12 14:15:41,396] [[33mWARNING[0m] [logger.py:116] No door detected in TRANSITIONING state
[2026-04-12 14:15:41,450] [[33mWARNING[0m] [logger.py:116] No door detected in TRANSITIONING state
[2026-04-12 14:15:41,510] [[33mWARNING[0m] [logger.py:116] No door detected in TRANSITIONING state
[2026-04-12 14:15:41,597] [[33mWARNING[0m] [logger.py:116] No door detected in TRANSITIONING state
[2026-04-12 14:15:41,655] [[33mWARNING[0m] [logger.py:116] No door detected in TRANSITIONING state
[2026-04-12 14:15:41,714] [[33mWARNING[0m] [logger.py:116] No door detected in TRANSITIONING state
[2026-04-12 14:15:41,769] [[33mWARNING[0m] [logger.py:116] No door detected in TRANSITIONING state
[2026-04-12 14:15:41,818] [[33mWARNING[0m] [logger.py:116] No door detected in TRANSITIONING state
[2026-04-12 14:15:41,878] [[33mWARNING[0m] [logger.py:116] No door detected in TRANSITIONING state
[2026-04-12 14:15:41,971] [[33mWARNING[0m] [logger.py:116] No door detected in TRANSITIONING state
[2026-04-12 14:15:42,028] [[33mWARNING[0m] [logger.py:116] No door detected in TRANSITIONING state
[2026-04-12 14:15:42,079] [[33mWARNING[0m] [logger.py:116] No door detected in TRANSITIONING state
[2026-04-12 14:15:42,136] [[33mWARNING[0m] [logger.py:116] No door detected in TRANSITIONING state
[2026-04-12 14:15:42,193] [[33mWARNING[0m] [logger.py:116] No door detected in TRANSITIONING state
[2026-04-12 14:15:42,244] [[33mWARNING[0m] [logger.py:116] No door detected in TRANSITIONING state
[2026-04-12 14:15:42,335] [[33mWARNING[0m] [logger.py:116] No door detected in TRANSITIONING state
[2026-04-12 14:15:42,392] [[33mWARNING[0m] [logger.py:116] No door detected in TRANSITIONING state
[2026-04-12 14:15:42,452] [[33mWARNING[0m] [logger.py:116] No door detected in TRANSITIONING state
[2026-04-12 14:15:42,507] [[33mWARNING[0m] [logger.py:116] No door detected in TRANSITIONING state
[2026-04-12 14:15:42,567] [[33mWARNING[0m] [logger.py:116] No door detected in TRANSITIONING state
[2026-04-12 14:15:42,620] [[33mWARNING[0m] [logger.py:116] No door detected in TRANSITIONING state
[2026-04-12 14:15:42,705] [[33mWARNING[0m] [logger.py:116] No door detected in TRANSITIONING state
[2026-04-12 14:15:42,773] [[33mWARNING[0m] [logger.py:116] No door detected in TRANSITIONING state
[2026-04-12 14:15:42,829] [[33mWARNING[0m] [logger.py:116] No door detected in TRANSITIONING state
[2026-04-12 14:15:42,879] [[33mWARNING[0m] [logger.py:116] No door detected in TRANSITIONING state
[2026-04-12 14:15:42,931] [[33mWARNING[0m] [logger.py:116] No door detected in TRANSITIONING state
[2026-04-12 14:15:42,989] [[33mWARNING[0m] [logger.py:116] No door detected in TRANSITIONING state
[2026-04-12 14:15:43,076] [[33mWARNING[0m] [logger.py:116] No door detected in TRANSITIONING state
[2026-04-12 14:15:43,129] [[33mWARNING[0m] [logger.py:116] No door detected in TRANSITIONING state
[2026-04-12 14:15:43,187] [[33mWARNING[0m] [logger.py:116] No door detected in TRANSITIONING state
[2026-04-12 14:15:43,244] [[33mWARNING[0m] [logger.py:116] No door detected in TRANSITIONING state
[2026-04-12 14:15:43,296] [[33mWARNING[0m] [logger.py:116] No door detected in TRANSITIONING state
[2026-04-12 14:15:43,345] [[33mWARNING[0m] [logger.py:116] No door detected in TRANSITIONING state
[2026-04-12 14:15:43,435] [[33mWARNING[0m] [logger.py:116] No door detected in TRANSITIONING state
[2026-04-12 14:15:43,491] [[33mWARNING[0m] [logger.py:116] No door detected in TRANSITIONING state
[2026-04-12 14:15:43,543] [[33mWARNING[0m] [logger.py:116] No door detected in TRANSITIONING state
[2026-04-12 14:15:43,597] [[33mWARNING[0m] [logger.py:116] No door detected in TRANSITIONING state
[2026-04-12 14:15:43,659] [[33mWARNING[0m] [logger.py:116] No door detected in TRANSITIONING state
[2026-04-12 14:15:43,714] [[33mWARNING[0m] [logger.py:116] No door detected in TRANSITIONING state
[2026-04-12 14:15:43,800] [[33mWARNING[0m] [logger.py:116] No door detected in TRANSITIONING state
[2026-04-12 14:15:43,855] [[33mWARNING[0m] [logger.py:116] No door detected in TRANSITIONING state
[2026-04-12 14:15:43,914] [[33mWARNING[0m] [logger.py:116] No door detected in TRANSITIONING state
[2026-04-12 14:15:43,968] [[33mWARNING[0m] [logger.py:116] No door detected in TRANSITIONING state
[2026-04-12 14:15:44,018] [[33mWARNING[0m] [logger.py:116] No door detected in TRANSITIONING state
[2026-04-12 14:15:44,073] [[33mWARNING[0m] [logger.py:116] No door detected in TRANSITIONING state
[2026-04-12 14:15:44,165] [[33mWARNING[0m] [logger.py:116] No door detected in TRANSITIONING state
[2026-04-12 14:15:44,220] [[33mWARNING[0m] [logger.py:116] No door detected in TRANSITIONING state
[2026-04-12 14:15:44,271] [[33mWARNING[0m] [logger.py:116] No door detected in TRANSITIONING state
[2026-04-12 14:15:44,328] [[33mWARNING[0m] [logger.py:116] No door detected in TRANSITIONING state
[2026-04-12 14:15:44,385] [[33mWARNING[0m] [logger.py:116] No door detected in TRANSITIONING state
[2026-04-12 14:15:44,440] [[33mWARNING[0m] [logger.py:116] No door detected in TRANSITIONING state
[2026-04-12 14:15:44,523] [[33mWARNING[0m] [logger.py:116] No door detected in TRANSITIONING state
[2026-04-12 14:15:44,578] [[33mWARNING[0m] [logger.py:116] No door detected in TRANSITIONING state
[2026-04-12 14:15:44,631] [[33mWARNING[0m] [logger.py:116] No door detected in TRANSITIONING state
[2026-04-12 14:15:44,681] [[33mWARNING[0m] [logger.py:116] No door detected in TRANSITIONING state
[2026-04-12 14:15:44,734] [[33mWARNING[0m] [logger.py:116] No door detected in TRANSITIONING state
[2026-04-12 14:15:44,793] [[33mWARNING[0m] [logger.py:116] No door detected in TRANSITIONING state
[2026-04-12 14:15:44,883] [[33mWARNING[0m] [logger.py:116] No door detected in TRANSITIONING state
[2026-04-12 14:15:44,937] [[33mWARNING[0m] [logger.py:116] No door detected in TRANSITIONING state
[2026-04-12 14:15:44,995] [[33mWARNING[0m] [logger.py:116] No door detected in TRANSITIONING state
[2026-04-12 14:15:45,051] [[33mWARNING[0m] [logger.py:116] No door detected in TRANSITIONING state
[2026-04-12 14:15:45,103] [[33mWARNING[0m] [logger.py:116] No door detected in TRANSITIONING state
[2026-04-12 14:15:45,155] [[33mWARNING[0m] [logger.py:116] No door detected in TRANSITIONING state
[2026-04-12 14:15:45,245] [[33mWARNING[0m] [logger.py:116] No door detected in TRANSITIONING state
[2026-04-12 14:15:45,297] [[33mWARNING[0m] [logger.py:116] No door detected in TRANSITIONING state
[2026-04-12 14:15:45,348] [[33mWARNING[0m] [logger.py:116] No door detected in TRANSITIONING state
[2026-04-12 14:15:45,397] [[33mWARNING[0m] [logger.py:116] No door detected in TRANSITIONING state
[2026-04-12 14:15:45,452] [[33mWARNING[0m] [logger.py:116] No door detected in TRANSITIONING state
[2026-04-12 14:15:45,505] [[33mWARNING[0m] [logger.py:116] No door detected in TRANSITIONING state
[2026-04-12 14:15:45,594] [[33mWARNING[0m] [logger.py:116] No door detected in TRANSITIONING state
[2026-04-12 14:15:45,647] [[33mWARNING[0m] [logger.py:116] No door detected in TRANSITIONING state
[2026-04-12 14:15:45,706] [[33mWARNING[0m] [logger.py:116] No door detected in TRANSITIONING state
[2026-04-12 14:15:45,759] [[33mWARNING[0m] [logger.py:116] No door detected in TRANSITIONING state
[2026-04-12 14:15:45,814] [[33mWARNING[0m] [logger.py:116] No door detected in TRANSITIONING state
[2026-04-12 14:15:45,867] [[33mWARNING[0m] [logger.py:116] No door detected in TRANSITIONING state
[2026-04-12 14:15:45,958] [[33mWARNING[0m] [logger.py:116] No door detected in TRANSITIONING state
[2026-04-12 14:15:46,011] [[33mWARNING[0m] [logger.py:116] No door detected in TRANSITIONING state
[2026-04-12 14:15:46,061] [[33mWARNING[0m] [logger.py:116] No door detected in TRANSITIONING state
[2026-04-12 14:15:46,114] [[33mWARNING[0m] [logger.py:116] No door detected in TRANSITIONING state
[2026-04-12 14:15:46,169] [[33mWARNING[0m] [logger.py:116] No door detected in TRANSITIONING state
[2026-04-12 14:15:46,223] [[33mWARNING[0m] [logger.py:116] No door detected in TRANSITIONING state
[2026-04-12 14:15:46,309] [[33mWARNING[0m] [logger.py:116] No door detected in TRANSITIONING state
[2026-04-12 14:15:46,362] [[33mWARNING[0m] [logger.py:116] No door detected in TRANSITIONING state
[2026-04-12 14:15:46,413] [[33mWARNING[0m] [logger.py:116] No door detected in TRANSITIONING state
[2026-04-12 14:15:46,468] [[33mWARNING[0m] [logger.py:116] No door detected in TRANSITIONING state
[2026-04-12 14:15:46,521] [[33mWARNING[0m] [logger.py:116] No door detected in TRANSITIONING state
[2026-04-12 14:15:46,576] [[33mWARNING[0m] [logger.py:116] No door detected in TRANSITIONING state
[2026-04-12 14:15:46,662] [[33mWARNING[0m] [logger.py:116] No door detected in TRANSITIONING state
[2026-04-12 14:15:46,715] [[33mWARNING[0m] [logger.py:116] No door detected in TRANSITIONING state
[2026-04-12 14:15:46,772] [[33mWARNING[0m] [logger.py:116] No door detected in TRANSITIONING state
[2026-04-12 14:15:46,828] [[33mWARNING[0m] [logger.py:116] No door detected in TRANSITIONING state
[2026-04-12 14:15:46,880] [[33mWARNING[0m] [logger.py:116] No door detected in TRANSITIONING state
[2026-04-12 14:15:46,934] [[33mWARNING[0m] [logger.py:116] No door detected in TRANSITIONING state
[2026-04-12 14:15:47,027] [[33mWARNING[0m] [logger.py:116] No door detected in TRANSITIONING state
[2026-04-12 14:15:47,082] [[33mWARNING[0m] [logger.py:116] No door detected in TRANSITIONING state
[2026-04-12 14:15:47,135] [[33mWARNING[0m] [logger.py:116] No door detected in TRANSITIONING state
[2026-04-12 14:15:47,188] [[33mWARNING[0m] [logger.py:116] No door detected in TRANSITIONING state
[2026-04-12 14:15:47,241] [[33mWARNING[0m] [logger.py:116] No door detected in TRANSITIONING state
[2026-04-12 14:15:47,297] [[33mWARNING[0m] [logger.py:116] No door detected in TRANSITIONING state
[2026-04-12 14:15:47,382] [[33mWARNING[0m] [logger.py:116] No door detected in TRANSITIONING state
[2026-04-12 14:15:47,437] [[33mWARNING[0m] [logger.py:116] No door detected in TRANSITIONING state
[2026-04-12 14:15:47,493] [[33mWARNING[0m] [logger.py:116] No door detected in TRANSITIONING state
[2026-04-12 14:15:47,545] [[33mWARNING[0m] [logger.py:116] No door detected in TRANSITIONING state
[2026-04-12 14:15:47,594] [[33mWARNING[0m] [logger.py:116] No door detected in TRANSITIONING state
[2026-04-12 14:15:47,651] [[33mWARNING[0m] [logger.py:116] No door detected in TRANSITIONING state
[2026-04-12 14:15:47,746] [[33mWARNING[0m] [logger.py:116] No door detected in TRANSITIONING state
[2026-04-12 14:15:47,801] [[33mWARNING[0m] [logger.py:116] No door detected in TRANSITIONING state
[2026-04-12 14:15:47,858] [[33mWARNING[0m] [logger.py:116] No door detected in TRANSITIONING state
[2026-04-12 14:15:47,912] [[33mWARNING[0m] [logger.py:116] No door detected in TRANSITIONING state
[2026-04-12 14:15:47,966] [[33mWARNING[0m] [logger.py:116] No door detected in TRANSITIONING state
[2026-04-12 14:15:48,020] [[33mWARNING[0m] [logger.py:116] No door detected in TRANSITIONING state
[2026-04-12 14:15:48,106] [[33mWARNING[0m] [logger.py:116] No door detected in TRANSITIONING state
[2026-04-12 14:15:48,161] [[33mWARNING[0m] [logger.py:116] No door detected in TRANSITIONING state
[2026-04-12 14:15:48,214] [[33mWARNING[0m] [logger.py:116] No door detected in TRANSITIONING state
[2026-04-12 14:15:48,267] [[33mWARNING[0m] [logger.py:116] No door detected in TRANSITIONING state
[2026-04-12 14:15:48,325] [[33mWARNING[0m] [logger.py:116] No door detected in TRANSITIONING state
[2026-04-12 14:15:48,381] [[33mWARNING[0m] [logger.py:116] No door detected in TRANSITIONING state
[2026-04-12 14:15:48,466] [[33mWARNING[0m] [logger.py:116] No door detected in TRANSITIONING state
[2026-04-12 14:15:48,522] [[33mWARNING[0m] [logger.py:116] No door detected in TRANSITIONING state
[2026-04-12 14:15:48,580] [[33mWARNING[0m] [logger.py:116] No door detected in TRANSITIONING state
[2026-04-12 14:15:48,632] [[33mWARNING[0m] [logger.py:116] No door detected in TRANSITIONING state
[2026-04-12 14:15:48,685] [[33mWARNING[0m] [logger.py:116] No door detected in TRANSITIONING state
[2026-04-12 14:15:48,739] [[33mWARNING[0m] [logger.py:116] No door detected in TRANSITIONING state
[2026-04-12 14:15:48,832] [[33mWARNING[0m] [logger.py:116] No door detected in TRANSITIONING state
[2026-04-12 14:15:48,886] [[33mWARNING[0m] [logger.py:116] No door detected in TRANSITIONING state
[2026-04-12 14:15:48,939] [[33mWARNING[0m] [logger.py:116] No door detected in TRANSITIONING state
[2026-04-12 14:15:48,997] [[33mWARNING[0m] [logger.py:116] No door detected in TRANSITIONING state
[2026-04-12 14:15:49,055] [[33mWARNING[0m] [logger.py:116] No door detected in TRANSITIONING state
[2026-04-12 14:15:49,107] [[33mWARNING[0m] [logger.py:116] No door detected in TRANSITIONING state
[2026-04-12 14:15:49,200] [[33mWARNING[0m] [logger.py:116] No door detected in TRANSITIONING state
[2026-04-12 14:15:49,258] [[33mWARNING[0m] [logger.py:116] No door detected in TRANSITIONING state
[2026-04-12 14:15:49,312] [[33mWARNING[0m] [logger.py:116] No door detected in TRANSITIONING state
[2026-04-12 14:15:49,368] [[33mWARNING[0m] [logger.py:116] No door detected in TRANSITIONING state
[2026-04-12 14:15:49,424] [[33mWARNING[0m] [logger.py:116] No door detected in TRANSITIONING state
[2026-04-12 14:15:49,482] [[33mWARNING[0m] [logger.py:116] No door detected in TRANSITIONING state
[2026-04-12 14:15:49,569] [[33mWARNING[0m] [logger.py:116] No door detected in TRANSITIONING state
[2026-04-12 14:15:49,623] [[33mWARNING[0m] [logger.py:116] No door detected in TRANSITIONING state
[2026-04-12 14:15:49,681] [[33mWARNING[0m] [logger.py:116] No door detected in TRANSITIONING state
[2026-04-12 14:15:49,738] [[33mWARNING[0m] [logger.py:116] No door detected in TRANSITIONING state
[2026-04-12 14:15:49,791] [[33mWARNING[0m] [logger.py:116] No door detected in TRANSITIONING state
[2026-04-12 14:15:49,843] [[33mWARNING[0m] [logger.py:116] No door detected in TRANSITIONING state
[2026-04-12 14:15:49,938] [[33mWARNING[0m] [logger.py:116] No door detected in TRANSITIONING state
[2026-04-12 14:15:50,002] [[33mWARNING[0m] [logger.py:116] No door detected in TRANSITIONING state
[2026-04-12 14:15:50,063] [[33mWARNING[0m] [logger.py:116] No door detected in TRANSITIONING state
[2026-04-12 14:15:50,124] [[33mWARNING[0m] [logger.py:116] No door detected in TRANSITIONING state
[2026-04-12 14:15:50,186] [[33mWARNING[0m] [logger.py:116] No door detected in TRANSITIONING state
[2026-04-12 14:15:50,275] [[33mWARNING[0m] [logger.py:116] No door detected in TRANSITIONING state
[2026-04-12 14:15:50,335] [[33mWARNING[0m] [logger.py:116] No door detected in TRANSITIONING state
[2026-04-12 14:15:50,399] [[33mWARNING[0m] [logger.py:116] No door detected in TRANSITIONING state
[2026-04-12 14:15:50,464] [[33mWARNING[0m] [logger.py:116] No door detected in TRANSITIONING state
[2026-04-12 14:15:50,524] [[33mWARNING[0m] [logger.py:116] No door detected in TRANSITIONING state
[2026-04-12 14:15:50,622] [[33mWARNING[0m] [logger.py:116] No door detected in TRANSITIONING state
[2026-04-12 14:15:50,685] [[33mWARNING[0m] [logger.py:116] No door detected in TRANSITIONING state
[2026-04-12 14:15:50,742] [[33mWARNING[0m] [logger.py:116] No door detected in TRANSITIONING state
[2026-04-12 14:15:50,804] [[33mWARNING[0m] [logger.py:116] No door detected in TRANSITIONING state
[2026-04-12 14:15:50,866] [[33mWARNING[0m] [logger.py:116] No door detected in TRANSITIONING state
[2026-04-12 14:15:50,958] [[33mWARNING[0m] [logger.py:116] No door detected in TRANSITIONING state
[2026-04-12 14:15:51,022] [[33mWARNING[0m] [logger.py:116] No door detected in TRANSITIONING state
[2026-04-12 14:15:51,083] [[33mWARNING[0m] [logger.py:116] No door detected in TRANSITIONING state
[2026-04-12 14:15:51,143] [[33mWARNING[0m] [logger.py:116] No door detected in TRANSITIONING state
[2026-04-12 14:15:51,200] [[33mWARNING[0m] [logger.py:116] No door detected in TRANSITIONING state
[2026-04-12 14:15:51,263] [[33mWARNING[0m] [logger.py:116] No door detected in TRANSITIONING state
[2026-04-12 14:15:51,358] [[33mWARNING[0m] [logger.py:116] No door detected in TRANSITIONING state
[2026-04-12 14:15:51,416] [[33mWARNING[0m] [logger.py:116] No door detected in TRANSITIONING state
[2026-04-12 14:15:51,477] [[33mWARNING[0m] [logger.py:116] No door detected in TRANSITIONING state
[2026-04-12 14:15:51,539] [[33mWARNING[0m] [logger.py:116] No door detected in TRANSITIONING state
[2026-04-12 14:15:51,597] [[33mWARNING[0m] [logger.py:116] No door detected in TRANSITIONING state
[2026-04-12 14:15:51,656] [[33mWARNING[0m] [logger.py:116] No door detected in TRANSITIONING state
[2026-04-12 14:15:51,741] [[33mWARNING[0m] [logger.py:116] No door detected in TRANSITIONING state
[2026-04-12 14:15:51,795] [[33mWARNING[0m] [logger.py:116] No door detected in TRANSITIONING state
[2026-04-12 14:15:51,856] [[33mWARNING[0m] [logger.py:116] No door detected in TRANSITIONING state
[2026-04-12 14:15:51,928] [[33mWARNING[0m] [logger.py:116] No door detected in TRANSITIONING state
[2026-04-12 14:15:51,986] [[33mWARNING[0m] [logger.py:116] No door detected in TRANSITIONING state
[2026-04-12 14:15:52,050] [[33mWARNING[0m] [logger.py:116] No door detected in TRANSITIONING state
[2026-04-12 14:15:52,140] [[33mWARNING[0m] [logger.py:116] No door detected in TRANSITIONING state
[2026-04-12 14:15:52,199] [[33mWARNING[0m] [logger.py:116] No door detected in TRANSITIONING state
[2026-04-12 14:15:52,256] [[33mWARNING[0m] [logger.py:116] No door detected in TRANSITIONING state
[2026-04-12 14:15:52,311] [[33mWARNING[0m] [logger.py:116] No door detected in TRANSITIONING state
[2026-04-12 14:15:52,369] [[33mWARNING[0m] [logger.py:116] No door detected in TRANSITIONING state
[2026-04-12 14:15:52,426] [[33mWARNING[0m] [logger.py:116] No door detected in TRANSITIONING state
[2026-04-12 14:15:52,524] [[33mWARNING[0m] [logger.py:116] No door detected in TRANSITIONING state
[2026-04-12 14:15:52,574] [[33mWARNING[0m] [logger.py:116] No door detected in TRANSITIONING state
[2026-04-12 14:15:52,629] [[33mWARNING[0m] [logger.py:116] No door detected in TRANSITIONING state
[2026-04-12 14:15:52,686] [[33mWARNING[0m] [logger.py:116] No door detected in TRANSITIONING state
[2026-04-12 14:15:52,738] [[33mWARNING[0m] [logger.py:116] No door detected in TRANSITIONING state
[2026-04-12 14:15:52,798] [[33mWARNING[0m] [logger.py:116] No door detected in TRANSITIONING state
[2026-04-12 14:15:52,893] [[33mWARNING[0m] [logger.py:116] No door detected in TRANSITIONING state
[2026-04-12 14:15:52,945] [[33mWARNING[0m] [logger.py:116] No door detected in TRANSITIONING state
[2026-04-12 14:15:53,002] [[33mWARNING[0m] [logger.py:116] No door detected in TRANSITIONING state
[2026-04-12 14:15:53,056] [[33mWARNING[0m] [logger.py:116] No door detected in TRANSITIONING state
[2026-04-12 14:15:53,115] [[33mWARNING[0m] [logger.py:116] No door detected in TRANSITIONING state
[2026-04-12 14:15:53,171] [[33mWARNING[0m] [logger.py:116] No door detected in TRANSITIONING state
[2026-04-12 14:15:53,264] [[33mWARNING[0m] [logger.py:116] No door detected in TRANSITIONING state
[2026-04-12 14:15:53,322] [[33mWARNING[0m] [logger.py:116] No door detected in TRANSITIONING state
[2026-04-12 14:15:53,374] [[33mWARNING[0m] [logger.py:116] No door detected in TRANSITIONING state
[2026-04-12 14:15:53,428] [[33mWARNING[0m] [logger.py:116] No door detected in TRANSITIONING state
[2026-04-12 14:15:53,483] [[33mWARNING[0m] [logger.py:116] No door detected in TRANSITIONING state
[2026-04-12 14:15:53,537] [[33mWARNING[0m] [logger.py:116] No door detected in TRANSITIONING state
[2026-04-12 14:15:53,623] [[33mWARNING[0m] [logger.py:116] No door detected in TRANSITIONING state
[2026-04-12 14:15:53,681] [[33mWARNING[0m] [logger.py:116] No door detected in TRANSITIONING state
[2026-04-12 14:15:53,740] [[33mWARNING[0m] [logger.py:116] No door detected in TRANSITIONING state
[2026-04-12 14:15:53,793] [[33mWARNING[0m] [logger.py:116] No door detected in TRANSITIONING state
[2026-04-12 14:15:53,847] [[33mWARNING[0m] [logger.py:116] No door detected in TRANSITIONING state
[2026-04-12 14:15:53,903] [[33mWARNING[0m] [logger.py:116] No door detected in TRANSITIONING state
[2026-04-12 14:15:53,993] [[33mWARNING[0m] [logger.py:116] No door detected in TRANSITIONING state
[2026-04-12 14:15:54,046] [[33mWARNING[0m] [logger.py:116] No door detected in TRANSITIONING state
[2026-04-12 14:15:54,100] [[33mWARNING[0m] [logger.py:116] No door detected in TRANSITIONING state
[2026-04-12 14:15:54,159] [[33mWARNING[0m] [logger.py:116] No door detected in TRANSITIONING state
[2026-04-12 14:15:54,215] [[33mWARNING[0m] [logger.py:116] No door detected in TRANSITIONING state
[2026-04-12 14:15:54,267] [[33mWARNING[0m] [logger.py:116] No door detected in TRANSITIONING state
[2026-04-12 14:15:54,353] [[33mWARNING[0m] [logger.py:116] No door detected in TRANSITIONING state
[2026-04-12 14:15:54,410] [[33mWARNING[0m] [logger.py:116] No door detected in TRANSITIONING state
[2026-04-12 14:15:54,465] [[33mWARNING[0m] [logger.py:116] No door detected in TRANSITIONING state
[2026-04-12 14:15:54,519] [[33mWARNING[0m] [logger.py:116] No door detected in TRANSITIONING state
[2026-04-12 14:15:54,578] [[33mWARNING[0m] [logger.py:116] No door detected in TRANSITIONING state
[2026-04-12 14:15:54,633] [[33mWARNING[0m] [logger.py:116] No door detected in TRANSITIONING state
[2026-04-12 14:15:54,720] [[33mWARNING[0m] [logger.py:116] No door detected in TRANSITIONING state
[2026-04-12 14:15:54,772] [[33mWARNING[0m] [logger.py:116] No door detected in TRANSITIONING state
[2026-04-12 14:15:54,828] [[33mWARNING[0m] [logger.py:116] No door detected in TRANSITIONING state
[2026-04-12 14:15:54,883] [[33mWARNING[0m] [logger.py:116] No door detected in TRANSITIONING state
[2026-04-12 14:15:54,937] [[33mWARNING[0m] [logger.py:116] No door detected in TRANSITIONING state
[2026-04-12 14:15:54,993] [[33mWARNING[0m] [logger.py:116] No door detected in TRANSITIONING state
[2026-04-12 14:15:55,086] [[33mWARNING[0m] [logger.py:116] No door detected in TRANSITIONING state
[2026-04-12 14:15:55,138] [[33mWARNING[0m] [logger.py:116] No door detected in TRANSITIONING state
[2026-04-12 14:15:55,189] [[33mWARNING[0m] [logger.py:116] No door detected in TRANSITIONING state
[2026-04-12 14:15:55,246] [[33mWARNING[0m] [logger.py:116] No door detected in TRANSITIONING state
[2026-04-12 14:15:55,304] [[33mWARNING[0m] [logger.py:116] No door detected in TRANSITIONING state
[2026-04-12 14:15:55,357] [[33mWARNING[0m] [logger.py:116] No door detected in TRANSITIONING state
[2026-04-12 14:15:55,446] [[33mWARNING[0m] [logger.py:116] No door detected in TRANSITIONING state
[2026-04-12 14:15:55,504] [[33mWARNING[0m] [logger.py:116] No door detected in TRANSITIONING state
[2026-04-12 14:15:55,560] [[33mWARNING[0m] [logger.py:116] No door detected in TRANSITIONING state
[2026-04-12 14:15:55,615] [[33mWARNING[0m] [logger.py:116] No door detected in TRANSITIONING state
[2026-04-12 14:15:55,677] [[33mWARNING[0m] [logger.py:116] No door detected in TRANSITIONING state
[2026-04-12 14:15:55,735] [[33mWARNING[0m] [logger.py:116] No door detected in TRANSITIONING state
[2026-04-12 14:15:55,823] [[33mWARNING[0m] [logger.py:116] No door detected in TRANSITIONING state
[2026-04-12 14:15:55,873] [[33mWARNING[0m] [logger.py:116] No door detected in TRANSITIONING state
[2026-04-12 14:15:55,932] [[33mWARNING[0m] [logger.py:116] No door detected in TRANSITIONING state
[2026-04-12 14:15:55,988] [[33mWARNING[0m] [logger.py:116] No door detected in TRANSITIONING state
[2026-04-12 14:15:56,041] [[33mWARNING[0m] [logger.py:116] No door detected in TRANSITIONING state
[2026-04-12 14:15:56,097] [[33mWARNING[0m] [logger.py:116] No door detected in TRANSITIONING state
[2026-04-12 14:15:56,200] [[33mWARNING[0m] [logger.py:116] No door detected in TRANSITIONING state
[2026-04-12 14:15:56,251] [[33mWARNING[0m] [logger.py:116] No door detected in TRANSITIONING state
[2026-04-12 14:15:56,310] [[33mWARNING[0m] [logger.py:116] No door detected in TRANSITIONING state
[2026-04-12 14:15:56,368] [[33mWARNING[0m] [logger.py:116] No door detected in TRANSITIONING state
[2026-04-12 14:15:56,816] [[33mWARNING[0m] [logger.py:116] No door detected in TRANSITIONING state
[2026-04-12 14:15:56,870] [[33mWARNING[0m] [logger.py:116] No door detected in TRANSITIONING state
[2026-04-12 14:15:57,133] [[33mWARNING[0m] [logger.py:116] No door detected in TRANSITIONING state
[2026-04-12 14:15:57,242] [[33mWARNING[0m] [logger.py:116] No door detected in TRANSITIONING state
[2026-04-12 14:15:57,331] [[33mWARNING[0m] [logger.py:116] No door detected in TRANSITIONING state
[2026-04-12 14:15:57,387] [[33mWARNING[0m] [logger.py:116] No door detected in TRANSITIONING state
[2026-04-12 14:15:57,442] [[33mWARNING[0m] [logger.py:116] No door detected in TRANSITIONING state
[2026-04-12 14:15:57,502] [[33mWARNING[0m] [logger.py:116] No door detected in TRANSITIONING state
[2026-04-12 14:15:57,552] [[33mWARNING[0m] [logger.py:116] No door detected in TRANSITIONING state
[2026-04-12 14:15:57,604] [[33mWARNING[0m] [logger.py:116] No door detected in TRANSITIONING state
[2026-04-12 14:15:57,694] [[33mWARNING[0m] [logger.py:116] No door detected in TRANSITIONING state
[2026-04-12 14:15:57,748] [[33mWARNING[0m] [logger.py:116] No door detected in TRANSITIONING state
[2026-04-12 14:15:57,799] [[33mWARNING[0m] [logger.py:116] No door detected in TRANSITIONING state
[2026-04-12 14:15:57,852] [[33mWARNING[0m] [logger.py:116] No door detected in TRANSITIONING state
[2026-04-12 14:15:57,907] [[33mWARNING[0m] [logger.py:116] No door detected in TRANSITIONING state
[2026-04-12 14:15:57,959] [[33mWARNING[0m] [logger.py:116] No door detected in TRANSITIONING state
[2026-04-12 14:15:58,047] [[33mWARNING[0m] [logger.py:116] No door detected in TRANSITIONING state
[2026-04-12 14:15:58,098] [[33mWARNING[0m] [logger.py:116] No door detected in TRANSITIONING state
[2026-04-12 14:15:58,153] [[33mWARNING[0m] [logger.py:116] No door detected in TRANSITIONING state
[2026-04-12 14:15:58,207] [[33mWARNING[0m] [logger.py:116] No door detected in TRANSITIONING state
[2026-04-12 14:15:58,258] [[33mWARNING[0m] [logger.py:116] No door detected in TRANSITIONING state
[2026-04-12 14:15:58,308] [[33mWARNING[0m] [logger.py:116] No door detected in TRANSITIONING state
[2026-04-12 14:15:58,403] [[33mWARNING[0m] [logger.py:116] No door detected in TRANSITIONING state
[2026-04-12 14:15:58,456] [[33mWARNING[0m] [logger.py:116] No door detected in TRANSITIONING state
[2026-04-12 14:15:58,514] [[33mWARNING[0m] [logger.py:116] No door detected in TRANSITIONING state
[2026-04-12 14:15:58,576] [[33mWARNING[0m] [logger.py:116] No door detected in TRANSITIONING state
[2026-04-12 14:15:58,635] [[33mWARNING[0m] [logger.py:116] No door detected in TRANSITIONING state
[2026-04-12 14:15:58,691] [[33mWARNING[0m] [logger.py:116] No door detected in TRANSITIONING state
[2026-04-12 14:15:58,782] [[33mWARNING[0m] [logger.py:116] No door detected in TRANSITIONING state
[2026-04-12 14:15:58,836] [[33mWARNING[0m] [logger.py:116] No door detected in TRANSITIONING state
[2026-04-12 14:15:58,890] [[33mWARNING[0m] [logger.py:116] No door detected in TRANSITIONING state
[2026-04-12 14:15:58,948] [[33mWARNING[0m] [logger.py:116] No door detected in TRANSITIONING state
[2026-04-12 14:15:59,009] [[33mWARNING[0m] [logger.py:116] No door detected in TRANSITIONING state
[2026-04-12 14:15:59,066] [[33mWARNING[0m] [logger.py:116] No door detected in TRANSITIONING state
[2026-04-12 14:15:59,155] [[33mWARNING[0m] [logger.py:116] No door detected in TRANSITIONING state
[2026-04-12 14:15:59,211] [[33mWARNING[0m] [logger.py:116] No door detected in TRANSITIONING state
[2026-04-12 14:15:59,266] [[33mWARNING[0m] [logger.py:116] No door detected in TRANSITIONING state
[2026-04-12 14:15:59,319] [[33mWARNING[0m] [logger.py:116] No door detected in TRANSITIONING state
[2026-04-12 14:15:59,375] [[33mWARNING[0m] [logger.py:116] No door detected in TRANSITIONING state
[2026-04-12 14:15:59,431] [[33mWARNING[0m] [logger.py:116] No door detected in TRANSITIONING state
[2026-04-12 14:15:59,518] [[33mWARNING[0m] [logger.py:116] No door detected in TRANSITIONING state
[2026-04-12 14:15:59,569] [[33mWARNING[0m] [logger.py:116] No door detected in TRANSITIONING state
[2026-04-12 14:15:59,625] [[33mWARNING[0m] [logger.py:116] No door detected in TRANSITIONING state
[2026-04-12 14:15:59,680] [[33mWARNING[0m] [logger.py:116] No door detected in TRANSITIONING state
[2026-04-12 14:15:59,734] [[33mWARNING[0m] [logger.py:116] No door detected in TRANSITIONING state
[2026-04-12 14:15:59,785] [[33mWARNING[0m] [logger.py:116] No door detected in TRANSITIONING state
[2026-04-12 14:15:59,878] [[33mWARNING[0m] [logger.py:116] No door detected in TRANSITIONING state
[2026-04-12 14:15:59,931] [[33mWARNING[0m] [logger.py:116] No door detected in TRANSITIONING state
[2026-04-12 14:15:59,984] [[33mWARNING[0m] [logger.py:116] No door detected in TRANSITIONING state
[2026-04-12 14:16:00,035] [[33mWARNING[0m] [logger.py:116] No door detected in TRANSITIONING state
[2026-04-12 14:16:00,091] [[33mWARNING[0m] [logger.py:116] No door detected in TRANSITIONING state
[2026-04-12 14:16:00,146] [[33mWARNING[0m] [logger.py:116] No door detected in TRANSITIONING state
[2026-04-12 14:16:00,238] [[33mWARNING[0m] [logger.py:116] No door detected in TRANSITIONING state
[2026-04-12 14:16:00,293] [[33mWARNING[0m] [logger.py:116] No door detected in TRANSITIONING state
[2026-04-12 14:16:00,349] [[33mWARNING[0m] [logger.py:116] No door detected in TRANSITIONING state
[2026-04-12 14:16:00,402] [[33mWARNING[0m] [logger.py:116] No door detected in TRANSITIONING state
[2026-04-12 14:16:00,456] [[33mWARNING[0m] [logger.py:116] No door detected in TRANSITIONING state
[2026-04-12 14:16:00,514] [[33mWARNING[0m] [logger.py:116] No door detected in TRANSITIONING state
[2026-04-12 14:16:00,605] [[33mWARNING[0m] [logger.py:116] No door detected in TRANSITIONING state
[2026-04-12 14:16:00,661] [[33mWARNING[0m] [logger.py:116] No door detected in TRANSITIONING state
[2026-04-12 14:16:00,719] [[33mWARNING[0m] [logger.py:116] No door detected in TRANSITIONING state
[2026-04-12 14:16:00,778] [[33mWARNING[0m] [logger.py:116] No door detected in TRANSITIONING state
[2026-04-12 14:16:00,829] [[33mWARNING[0m] [logger.py:116] No door detected in TRANSITIONING state
[2026-04-12 14:16:00,884] [[33mWARNING[0m] [logger.py:116] No door detected in TRANSITIONING state
[2026-04-12 14:16:00,974] [[33mWARNING[0m] [logger.py:116] No door detected in TRANSITIONING state
[2026-04-12 14:16:01,033] [[33mWARNING[0m] [logger.py:116] No door detected in TRANSITIONING state
[2026-04-12 14:16:01,085] [[33mWARNING[0m] [logger.py:116] No door detected in TRANSITIONING state
[2026-04-12 14:16:01,136] [[33mWARNING[0m] [logger.py:116] No door detected in TRANSITIONING state
[2026-04-12 14:16:01,193] [[33mWARNING[0m] [logger.py:116] No door detected in TRANSITIONING state
[2026-04-12 14:16:01,252] [[33mWARNING[0m] [logger.py:116] No door detected in TRANSITIONING state
[2026-04-12 14:16:01,340] [[33mWARNING[0m] [logger.py:116] No door detected in TRANSITIONING state
[2026-04-12 14:16:01,394] [[33mWARNING[0m] [logger.py:116] No door detected in TRANSITIONING state
[2026-04-12 14:16:01,448] [[33mWARNING[0m] [logger.py:116] No door detected in TRANSITIONING state
[2026-04-12 14:16:01,502] [[33mWARNING[0m] [logger.py:116] No door detected in TRANSITIONING state
[2026-04-12 14:16:01,556] [[33mWARNING[0m] [logger.py:116] No door detected in TRANSITIONING state
[2026-04-12 14:16:01,611] [[33mWARNING[0m] [logger.py:116] No door detected in TRANSITIONING state
[2026-04-12 14:16:01,701] [[33mWARNING[0m] [logger.py:116] No door detected in TRANSITIONING state
[2026-04-12 14:16:01,756] [[33mWARNING[0m] [logger.py:116] No door detected in TRANSITIONING state
[2026-04-12 14:16:01,808] [[33mWARNING[0m] [logger.py:116] No door detected in TRANSITIONING state
[2026-04-12 14:16:01,868] [[33mWARNING[0m] [logger.py:116] No door detected in TRANSITIONING state
[2026-04-12 14:16:01,923] [[33mWARNING[0m] [logger.py:116] No door detected in TRANSITIONING state
[2026-04-12 14:16:01,973] [[33mWARNING[0m] [logger.py:116] No door detected in TRANSITIONING state
[2026-04-12 14:16:02,067] [[33mWARNING[0m] [logger.py:116] No door detected in TRANSITIONING state
[2026-04-12 14:16:02,125] [[33mWARNING[0m] [logger.py:116] No door detected in TRANSITIONING state
[2026-04-12 14:16:02,176] [[33mWARNING[0m] [logger.py:116] No door detected in TRANSITIONING state
[2026-04-12 14:16:02,231] [[33mWARNING[0m] [logger.py:116] No door detected in TRANSITIONING state
[2026-04-12 14:16:02,286] [[33mWARNING[0m] [logger.py:116] No door detected in TRANSITIONING state
[2026-04-12 14:16:02,342] [[33mWARNING[0m] [logger.py:116] No door detected in TRANSITIONING state
[2026-04-12 14:16:02,425] [[33mWARNING[0m] [logger.py:116] No door detected in TRANSITIONING state
[2026-04-12 14:16:02,483] [[33mWARNING[0m] [logger.py:116] No door detected in TRANSITIONING state
[2026-04-12 14:16:02,539] [[33mWARNING[0m] [logger.py:116] No door detected in TRANSITIONING state
[2026-04-12 14:16:02,592] [[33mWARNING[0m] [logger.py:116] No door detected in TRANSITIONING state
[2026-04-12 14:16:02,648] [[33mWARNING[0m] [logger.py:116] No door detected in TRANSITIONING state
[2026-04-12 14:16:02,705] [[33mWARNING[0m] [logger.py:116] No door detected in TRANSITIONING state
[2026-04-12 14:16:02,797] [[33mWARNING[0m] [logger.py:116] No door detected in TRANSITIONING state
[2026-04-12 14:16:02,848] [[33mWARNING[0m] [logger.py:116] No door detected in TRANSITIONING state
[2026-04-12 14:16:02,908] [[33mWARNING[0m] [logger.py:116] No door detected in TRANSITIONING state
[2026-04-12 14:16:02,964] [[33mWARNING[0m] [logger.py:116] No door detected in TRANSITIONING state
[2026-04-12 14:16:03,018] [[33mWARNING[0m] [logger.py:116] No door detected in TRANSITIONING state
[2026-04-12 14:16:03,074] [[33mWARNING[0m] [logger.py:116] No door detected in TRANSITIONING state
[2026-04-12 14:16:03,169] [[33mWARNING[0m] [logger.py:116] No door detected in TRANSITIONING state
[2026-04-12 14:16:03,224] [[33mWARNING[0m] [logger.py:116] No door detected in TRANSITIONING state
[2026-04-12 14:16:03,282] [[33mWARNING[0m] [logger.py:116] No door detected in TRANSITIONING state
[2026-04-12 14:16:03,334] [[33mWARNING[0m] [logger.py:116] No door detected in TRANSITIONING state
[2026-04-12 14:16:03,392] [[33mWARNING[0m] [logger.py:116] No door detected in TRANSITIONING state
[2026-04-12 14:16:03,449] [[33mWARNING[0m] [logger.py:116] No door detected in TRANSITIONING state
[2026-04-12 14:16:03,536] [[33mWARNING[0m] [logger.py:116] No door detected in TRANSITIONING state
[2026-04-12 14:16:03,592] [[33mWARNING[0m] [logger.py:116] No door detected in TRANSITIONING state
[2026-04-12 14:16:03,654] [[33mWARNING[0m] [logger.py:116] No door detected in TRANSITIONING state
[2026-04-12 14:16:03,710] [[33mWARNING[0m] [logger.py:116] No door detected in TRANSITIONING state
[2026-04-12 14:16:03,767] [[33mWARNING[0m] [logger.py:116] No door detected in TRANSITIONING state
[2026-04-12 14:16:03,824] [[33mWARNING[0m] [logger.py:116] No door detected in TRANSITIONING state
[2026-04-12 14:16:03,914] [[33mWARNING[0m] [logger.py:116] No door detected in TRANSITIONING state
[2026-04-12 14:16:03,968] [[33mWARNING[0m] [logger.py:116] No door detected in TRANSITIONING state
[2026-04-12 14:16:04,023] [[33mWARNING[0m] [logger.py:116] No door detected in TRANSITIONING state
[2026-04-12 14:16:04,077] [[33mWARNING[0m] [logger.py:116] No door detected in TRANSITIONING state
[2026-04-12 14:16:04,130] [[33mWARNING[0m] [logger.py:116] No door detected in TRANSITIONING state
[2026-04-12 14:16:04,184] [[33mWARNING[0m] [logger.py:116] No door detected in TRANSITIONING state
[2026-04-12 14:16:04,279] [[33mWARNING[0m] [logger.py:116] No door detected in TRANSITIONING state
[2026-04-12 14:16:04,332] [[33mWARNING[0m] [logger.py:116] No door detected in TRANSITIONING state
[2026-04-12 14:16:04,388] [[33mWARNING[0m] [logger.py:116] No door detected in TRANSITIONING state
[2026-04-12 14:16:04,443] [[33mWARNING[0m] [logger.py:116] No door detected in TRANSITIONING state
[2026-04-12 14:16:04,499] [[33mWARNING[0m] [logger.py:116] No door detected in TRANSITIONING state
[2026-04-12 14:16:04,553] [[33mWARNING[0m] [logger.py:116] No door detected in TRANSITIONING state
[2026-04-12 14:16:04,643] [[33mWARNING[0m] [logger.py:116] No door detected in TRANSITIONING state
[2026-04-12 14:16:04,699] [[33mWARNING[0m] [logger.py:116] No door detected in TRANSITIONING state
[2026-04-12 14:16:04,758] [[33mWARNING[0m] [logger.py:116] No door detected in TRANSITIONING state
[2026-04-12 14:16:04,810] [[33mWARNING[0m] [logger.py:116] No door detected in TRANSITIONING state
[2026-04-12 14:16:04,864] [[33mWARNING[0m] [logger.py:116] No door detected in TRANSITIONING state
[2026-04-12 14:16:04,925] [[33mWARNING[0m] [logger.py:116] No door detected in TRANSITIONING state
[2026-04-12 14:16:05,016] [[33mWARNING[0m] [logger.py:116] No door detected in TRANSITIONING state
[2026-04-12 14:16:05,081] [[33mWARNING[0m] [logger.py:116] No door detected in TRANSITIONING state
[2026-04-12 14:16:05,140] [[33mWARNING[0m] [logger.py:116] No door detected in TRANSITIONING state
[2026-04-12 14:16:05,193] [[33mWARNING[0m] [logger.py:116] No door detected in TRANSITIONING state
[2026-04-12 14:16:05,251] [[33mWARNING[0m] [logger.py:116] No door detected in TRANSITIONING state
[2026-04-12 14:16:05,305] [[33mWARNING[0m] [logger.py:116] No door detected in TRANSITIONING state
[2026-04-12 14:16:05,398] [[33mWARNING[0m] [logger.py:116] No door detected in TRANSITIONING state
[2026-04-12 14:16:05,451] [[33mWARNING[0m] [logger.py:116] No door detected in TRANSITIONING state
[2026-04-12 14:16:05,506] [[33mWARNING[0m] [logger.py:116] No door detected in TRANSITIONING state
[2026-04-12 14:16:05,560] [[33mWARNING[0m] [logger.py:116] No door detected in TRANSITIONING state
[2026-04-12 14:16:05,616] [[33mWARNING[0m] [logger.py:116] No door detected in TRANSITIONING state
[2026-04-12 14:16:05,669] [[33mWARNING[0m] [logger.py:116] No door detected in TRANSITIONING state
[2026-04-12 14:16:05,764] [[33mWARNING[0m] [logger.py:116] No door detected in TRANSITIONING state
[2026-04-12 14:16:05,818] [[33mWARNING[0m] [logger.py:116] No door detected in TRANSITIONING state
[2026-04-12 14:16:05,873] [[33mWARNING[0m] [logger.py:116] No door detected in TRANSITIONING state
[2026-04-12 14:16:05,929] [[33mWARNING[0m] [logger.py:116] No door detected in TRANSITIONING state
[2026-04-12 14:16:05,981] [[33mWARNING[0m] [logger.py:116] No door detected in TRANSITIONING state
[2026-04-12 14:16:06,039] [[33mWARNING[0m] [logger.py:116] No door detected in TRANSITIONING state
[2026-04-12 14:16:06,129] [[33mWARNING[0m] [logger.py:116] No door detected in TRANSITIONING state
[2026-04-12 14:16:06,181] [[33mWARNING[0m] [logger.py:116] No door detected in TRANSITIONING state
[2026-04-12 14:16:06,237] [[33mWARNING[0m] [logger.py:116] No door detected in TRANSITIONING state
[2026-04-12 14:16:06,293] [[33mWARNING[0m] [logger.py:116] No door detected in TRANSITIONING state
[2026-04-12 14:16:06,347] [[33mWARNING[0m] [logger.py:116] No door detected in TRANSITIONING state
[2026-04-12 14:16:06,402] [[33mWARNING[0m] [logger.py:116] No door detected in TRANSITIONING state
[2026-04-12 14:16:06,490] [[33mWARNING[0m] [logger.py:116] No door detected in TRANSITIONING state
[2026-04-12 14:16:06,547] [[33mWARNING[0m] [logger.py:116] No door detected in TRANSITIONING state
[2026-04-12 14:16:06,598] [[33mWARNING[0m] [logger.py:116] No door detected in TRANSITIONING state
[2026-04-12 14:16:06,647] [[33mWARNING[0m] [logger.py:116] No door detected in TRANSITIONING state
[2026-04-12 14:16:06,698] [[33mWARNING[0m] [logger.py:116] No door detected in TRANSITIONING state
[2026-04-12 14:16:06,753] [[33mWARNING[0m] [logger.py:116] No door detected in TRANSITIONING state
[2026-04-12 14:16:06,843] [[33mWARNING[0m] [logger.py:116] No door detected in TRANSITIONING state
[2026-04-12 14:16:06,903] [[33mWARNING[0m] [logger.py:116] No door detected in TRANSITIONING state
[2026-04-12 14:16:06,970] [[33mWARNING[0m] [logger.py:116] No door detected in TRANSITIONING state
[2026-04-12 14:16:07,033] [[33mWARNING[0m] [logger.py:116] No door detected in TRANSITIONING state
[2026-04-12 14:16:07,094] [[33mWARNING[0m] [logger.py:116] No door detected in TRANSITIONING state
[2026-04-12 14:16:07,208] [[33mWARNING[0m] [logger.py:116] No door detected in TRANSITIONING state
[2026-04-12 14:16:07,264] [[33mWARNING[0m] [logger.py:116] No door detected in TRANSITIONING state
[2026-04-12 14:16:07,320] [[33mWARNING[0m] [logger.py:116] No door detected in TRANSITIONING state
[2026-04-12 14:16:07,379] [[33mWARNING[0m] [logger.py:116] No door detected in TRANSITIONING state
[2026-04-12 14:16:07,435] [[33mWARNING[0m] [logger.py:116] No door detected in TRANSITIONING state
[2026-04-12 14:16:07,530] [[33mWARNING[0m] [logger.py:116] No door detected in TRANSITIONING state
[2026-04-12 14:16:07,592] [[33mWARNING[0m] [logger.py:116] No door detected in TRANSITIONING state
[2026-04-12 14:16:07,648] [[33mWARNING[0m] [logger.py:116] No door detected in TRANSITIONING state
[2026-04-12 14:16:07,708] [[33mWARNING[0m] [logger.py:116] No door detected in TRANSITIONING state
[2026-04-12 14:16:07,767] [[33mWARNING[0m] [logger.py:116] No door detected in TRANSITIONING state
[2026-04-12 14:16:07,870] [[33mWARNING[0m] [logger.py:116] No door detected in TRANSITIONING state
[2026-04-12 14:16:07,925] [[33mWARNING[0m] [logger.py:116] No door detected in TRANSITIONING state
[2026-04-12 14:16:07,979] [[33mWARNING[0m] [logger.py:116] No door detected in TRANSITIONING state
[2026-04-12 14:16:08,033] [[33mWARNING[0m] [logger.py:116] No door detected in TRANSITIONING state
[2026-04-12 14:16:08,089] [[33mWARNING[0m] [logger.py:116] No door detected in TRANSITIONING state
[2026-04-12 14:16:08,148] [[33mWARNING[0m] [logger.py:116] No door detected in TRANSITIONING state
[2026-04-12 14:16:08,232] [[33mWARNING[0m] [logger.py:116] No door detected in TRANSITIONING state
[2026-04-12 14:16:08,288] [[33mWARNING[0m] [logger.py:116] No door detected in TRANSITIONING state
[2026-04-12 14:16:08,349] [[33mWARNING[0m] [logger.py:116] No door detected in TRANSITIONING state
[2026-04-12 14:16:08,403] [[33mWARNING[0m] [logger.py:116] No door detected in TRANSITIONING state
[2026-04-12 14:16:08,455] [[33mWARNING[0m] [logger.py:116] No door detected in TRANSITIONING state
[2026-04-12 14:16:08,517] [[33mWARNING[0m] [logger.py:116] No door detected in TRANSITIONING state
[2026-04-12 14:16:08,614] [[33mWARNING[0m] [logger.py:116] No door detected in TRANSITIONING state
[2026-04-12 14:16:08,665] [[33mWARNING[0m] [logger.py:116] No door detected in TRANSITIONING state
[2026-04-12 14:16:08,717] [[33mWARNING[0m] [logger.py:116] No door detected in TRANSITIONING state
[2026-04-12 14:16:08,778] [[33mWARNING[0m] [logger.py:116] No door detected in TRANSITIONING state
[2026-04-12 14:16:08,833] [[33mWARNING[0m] [logger.py:116] No door detected in TRANSITIONING state
[2026-04-12 14:16:08,885] [[33mWARNING[0m] [logger.py:116] No door detected in TRANSITIONING state
[2026-04-12 14:16:08,968] [[33mWARNING[0m] [logger.py:116] No door detected in TRANSITIONING state
[2026-04-12 14:16:09,023] [[33mWARNING[0m] [logger.py:116] No door detected in TRANSITIONING state
[2026-04-12 14:16:09,075] [[33mWARNING[0m] [logger.py:116] No door detected in TRANSITIONING state
[2026-04-12 14:16:09,130] [[33mWARNING[0m] [logger.py:116] No door detected in TRANSITIONING state
[2026-04-12 14:16:09,182] [[33mWARNING[0m] [logger.py:116] No door detected in TRANSITIONING state
[2026-04-12 14:16:09,238] [[33mWARNING[0m] [logger.py:116] No door detected in TRANSITIONING state
[2026-04-12 14:16:09,326] [[33mWARNING[0m] [logger.py:116] No door detected in TRANSITIONING state
[2026-04-12 14:16:09,386] [[33mWARNING[0m] [logger.py:116] No door detected in TRANSITIONING state
[2026-04-12 14:16:09,441] [[33mWARNING[0m] [logger.py:116] No door detected in TRANSITIONING state
[2026-04-12 14:16:09,495] [[33mWARNING[0m] [logger.py:116] No door detected in TRANSITIONING state
[2026-04-12 14:16:09,548] [[33mWARNING[0m] [logger.py:116] No door detected in TRANSITIONING state
[2026-04-12 14:16:09,602] [[33mWARNING[0m] [logger.py:116] No door detected in TRANSITIONING state
[2026-04-12 14:16:09,689] [[33mWARNING[0m] [logger.py:116] No door detected in TRANSITIONING state
[2026-04-12 14:16:09,747] [[33mWARNING[0m] [logger.py:116] No door detected in TRANSITIONING state
[2026-04-12 14:16:09,797] [[33mWARNING[0m] [logger.py:116] No door detected in TRANSITIONING state
[2026-04-12 14:16:09,851] [[33mWARNING[0m] [logger.py:116] No door detected in TRANSITIONING state
[2026-04-12 14:16:09,907] [[33mWARNING[0m] [logger.py:116] No door detected in TRANSITIONING state
[2026-04-12 14:16:09,965] [[33mWARNING[0m] [logger.py:116] No door detected in TRANSITIONING state
[2026-04-12 14:16:10,050] [[33mWARNING[0m] [logger.py:116] No door detected in TRANSITIONING state
[2026-04-12 14:16:10,109] [[33mWARNING[0m] [logger.py:116] No door detected in TRANSITIONING state
[2026-04-12 14:16:10,165] [[33mWARNING[0m] [logger.py:116] No door detected in TRANSITIONING state
[2026-04-12 14:16:10,221] [[33mWARNING[0m] [logger.py:116] No door detected in TRANSITIONING state
[2026-04-12 14:16:10,271] [[33mWARNING[0m] [logger.py:116] No door detected in TRANSITIONING state
[2026-04-12 14:16:10,322] [[33mWARNING[0m] [logger.py:116] No door detected in TRANSITIONING state
[2026-04-12 14:16:10,412] [[33mWARNING[0m] [logger.py:116] No door detected in TRANSITIONING state
[2026-04-12 14:16:10,467] [[33mWARNING[0m] [logger.py:116] No door detected in TRANSITIONING state
[2026-04-12 14:16:10,520] [[33mWARNING[0m] [logger.py:116] No door detected in TRANSITIONING state
[2026-04-12 14:16:10,574] [[33mWARNING[0m] [logger.py:116] No door detected in TRANSITIONING state
[2026-04-12 14:16:10,627] [[33mWARNING[0m] [logger.py:116] No door detected in TRANSITIONING state
[2026-04-12 14:16:10,682] [[33mWARNING[0m] [logger.py:116] No door detected in TRANSITIONING state
[2026-04-12 14:16:10,766] [[33mWARNING[0m] [logger.py:116] No door detected in TRANSITIONING state
[2026-04-12 14:16:10,822] [[33mWARNING[0m] [logger.py:116] No door detected in TRANSITIONING state
[2026-04-12 14:16:10,875] [[33mWARNING[0m] [logger.py:116] No door detected in TRANSITIONING state
[2026-04-12 14:16:10,926] [[33mWARNING[0m] [logger.py:116] No door detected in TRANSITIONING state
[2026-04-12 14:16:10,986] [[33mWARNING[0m] [logger.py:116] No door detected in TRANSITIONING state
[2026-04-12 14:16:11,044] [[33mWARNING[0m] [logger.py:116] No door detected in TRANSITIONING state
[2026-04-12 14:16:11,128] [[33mWARNING[0m] [logger.py:116] No door detected in TRANSITIONING state
[2026-04-12 14:16:11,180] [[33mWARNING[0m] [logger.py:116] No door detected in TRANSITIONING state
[2026-04-12 14:16:11,233] [[33mWARNING[0m] [logger.py:116] No door detected in TRANSITIONING state
[2026-04-12 14:16:11,287] [[33mWARNING[0m] [logger.py:116] No door detected in TRANSITIONING state
[2026-04-12 14:16:11,338] [[33mWARNING[0m] [logger.py:116] No door detected in TRANSITIONING state
[2026-04-12 14:16:11,389] [[33mWARNING[0m] [logger.py:116] No door detected in TRANSITIONING state
[2026-04-12 14:16:11,474] [[33mWARNING[0m] [logger.py:116] No door detected in TRANSITIONING state
[2026-04-12 14:16:11,532] [[33mWARNING[0m] [logger.py:116] No door detected in TRANSITIONING state
[2026-04-12 14:16:11,588] [[33mWARNING[0m] [logger.py:116] No door detected in TRANSITIONING state
[2026-04-12 14:16:11,642] [[33mWARNING[0m] [logger.py:116] No door detected in TRANSITIONING state
[2026-04-12 14:16:11,702] [[33mWARNING[0m] [logger.py:116] No door detected in TRANSITIONING state
[2026-04-12 14:16:11,757] [[33mWARNING[0m] [logger.py:116] No door detected in TRANSITIONING state
[2026-04-12 14:16:11,844] [[33mWARNING[0m] [logger.py:116] No door detected in TRANSITIONING state
[2026-04-12 14:16:11,898] [[33mWARNING[0m] [logger.py:116] No door detected in TRANSITIONING state
[2026-04-12 14:16:11,955] [[33mWARNING[0m] [logger.py:116] No door detected in TRANSITIONING state
[2026-04-12 14:16:12,007] [[33mWARNING[0m] [logger.py:116] No door detected in TRANSITIONING state
[2026-04-12 14:16:12,058] [[33mWARNING[0m] [logger.py:116] No door detected in TRANSITIONING state
[2026-04-12 14:16:12,114] [[33mWARNING[0m] [logger.py:116] No door detected in TRANSITIONING state
[2026-04-12 14:16:12,204] [[33mWARNING[0m] [logger.py:116] No door detected in TRANSITIONING state
[2026-04-12 14:16:12,256] [[33mWARNING[0m] [logger.py:116] No door detected in TRANSITIONING state
[2026-04-12 14:16:12,311] [[33mWARNING[0m] [logger.py:116] No door detected in TRANSITIONING state
[2026-04-12 14:16:12,366] [[33mWARNING[0m] [logger.py:116] No door detected in TRANSITIONING state
[2026-04-12 14:16:12,420] [[33mWARNING[0m] [logger.py:116] No door detected in TRANSITIONING state
[2026-04-12 14:16:12,477] [[33mWARNING[0m] [logger.py:116] No door detected in TRANSITIONING state
[2026-04-12 14:16:12,567] [[33mWARNING[0m] [logger.py:116] No door detected in TRANSITIONING state
[2026-04-12 14:16:12,621] [[33mWARNING[0m] [logger.py:116] No door detected in TRANSITIONING state
[2026-04-12 14:16:12,673] [[33mWARNING[0m] [logger.py:116] No door detected in TRANSITIONING state
[2026-04-12 14:16:12,728] [[33mWARNING[0m] [logger.py:116] No door detected in TRANSITIONING state
[2026-04-12 14:16:12,784] [[33mWARNING[0m] [logger.py:116] No door detected in TRANSITIONING state
[2026-04-12 14:16:12,843] [[33mWARNING[0m] [logger.py:116] No door detected in TRANSITIONING state
[2026-04-12 14:16:12,929] [[33mWARNING[0m] [logger.py:116] No door detected in TRANSITIONING state
[2026-04-12 14:16:12,981] [[33mWARNING[0m] [logger.py:116] No door detected in TRANSITIONING state
[2026-04-12 14:16:13,036] [[33mWARNING[0m] [logger.py:116] No door detected in TRANSITIONING state
[2026-04-12 14:16:13,089] [[33mWARNING[0m] [logger.py:116] No door detected in TRANSITIONING state
[2026-04-12 14:16:13,140] [[33mWARNING[0m] [logger.py:116] No door detected in TRANSITIONING state
[2026-04-12 14:16:13,191] [[33mWARNING[0m] [logger.py:116] No door detected in TRANSITIONING state
[2026-04-12 14:16:13,284] [[33mWARNING[0m] [logger.py:116] No door detected in TRANSITIONING state
[2026-04-12 14:16:13,346] [[33mWARNING[0m] [logger.py:116] No door detected in TRANSITIONING state
[2026-04-12 14:16:13,398] [[33mWARNING[0m] [logger.py:116] No door detected in TRANSITIONING state
[2026-04-12 14:16:13,453] [[33mWARNING[0m] [logger.py:116] No door detected in TRANSITIONING state
[2026-04-12 14:16:13,510] [[33mWARNING[0m] [logger.py:116] No door detected in TRANSITIONING state
[2026-04-12 14:16:13,563] [[33mWARNING[0m] [logger.py:116] No door detected in TRANSITIONING state
[2026-04-12 14:16:13,653] [[33mWARNING[0m] [logger.py:116] No door detected in TRANSITIONING state
[2026-04-12 14:16:13,709] [[33mWARNING[0m] [logger.py:116] No door detected in TRANSITIONING state
[2026-04-12 14:16:13,759] [[33mWARNING[0m] [logger.py:116] No door detected in TRANSITIONING state
[2026-04-12 14:16:13,810] [[33mWARNING[0m] [logger.py:116] No door detected in TRANSITIONING state
[2026-04-12 14:16:13,862] [[33mWARNING[0m] [logger.py:116] No door detected in TRANSITIONING state
[2026-04-12 14:16:13,916] [[33mWARNING[0m] [logger.py:116] No door detected in TRANSITIONING state
[2026-04-12 14:16:14,009] [[33mWARNING[0m] [logger.py:116] No door detected in TRANSITIONING state
[2026-04-12 14:16:14,071] [[33mWARNING[0m] [logger.py:116] No door detected in TRANSITIONING state
[2026-04-12 14:16:14,126] [[33mWARNING[0m] [logger.py:116] No door detected in TRANSITIONING state
[2026-04-12 14:16:14,183] [[33mWARNING[0m] [logger.py:116] No door detected in TRANSITIONING state
[2026-04-12 14:16:14,236] [[33mWARNING[0m] [logger.py:116] No door detected in TRANSITIONING state
[2026-04-12 14:16:14,289] [[33mWARNING[0m] [logger.py:116] No door detected in TRANSITIONING state
[2026-04-12 14:16:14,382] [[33mWARNING[0m] [logger.py:116] No door detected in TRANSITIONING state
[2026-04-12 14:16:14,435] [[33mWARNING[0m] [logger.py:116] No door detected in TRANSITIONING state
[2026-04-12 14:16:14,492] [[33mWARNING[0m] [logger.py:116] No door detected in TRANSITIONING state
[2026-04-12 14:16:14,552] [[33mWARNING[0m] [logger.py:116] No door detected in TRANSITIONING state
[2026-04-12 14:16:14,611] [[33mWARNING[0m] [logger.py:116] No door detected in TRANSITIONING state
[2026-04-12 14:16:14,663] [[33mWARNING[0m] [logger.py:116] No door detected in TRANSITIONING state
[2026-04-12 14:16:14,755] [[33mWARNING[0m] [logger.py:116] No door detected in TRANSITIONING state
[2026-04-12 14:16:14,814] [[33mWARNING[0m] [logger.py:116] No door detected in TRANSITIONING state
[2026-04-12 14:16:14,865] [[33mWARNING[0m] [logger.py:116] No door detected in TRANSITIONING state
[2026-04-12 14:16:14,917] [[33mWARNING[0m] [logger.py:116] No door detected in TRANSITIONING state
[2026-04-12 14:16:14,972] [[33mWARNING[0m] [logger.py:116] No door detected in TRANSITIONING state
[2026-04-12 14:16:15,026] [[33mWARNING[0m] [logger.py:116] No door detected in TRANSITIONING state
[2026-04-12 14:16:15,111] [[33mWARNING[0m] [logger.py:116] No door detected in TRANSITIONING state
[2026-04-12 14:16:15,168] [[33mWARNING[0m] [logger.py:116] No door detected in TRANSITIONING state
[2026-04-12 14:16:15,223] [[33mWARNING[0m] [logger.py:116] No door detected in TRANSITIONING state
[2026-04-12 14:16:15,277] [[33mWARNING[0m] [logger.py:116] No door detected in TRANSITIONING state
[2026-04-12 14:16:15,330] [[33mWARNING[0m] [logger.py:116] No door detected in TRANSITIONING state
[2026-04-12 14:16:15,380] [[33mWARNING[0m] [logger.py:116] No door detected in TRANSITIONING state
[2026-04-12 14:16:15,470] [[33mWARNING[0m] [logger.py:116] No door detected in TRANSITIONING state
[2026-04-12 14:16:15,523] [[33mWARNING[0m] [logger.py:116] No door detected in TRANSITIONING state
[2026-04-12 14:16:15,578] [[33mWARNING[0m] [logger.py:116] No door detected in TRANSITIONING state
[2026-04-12 14:16:15,634] [[33mWARNING[0m] [logger.py:116] No door detected in TRANSITIONING state
[2026-04-12 14:16:15,692] [[33mWARNING[0m] [logger.py:116] No door detected in TRANSITIONING state
[2026-04-12 14:16:15,747] [[33mWARNING[0m] [logger.py:116] No door detected in TRANSITIONING state
[2026-04-12 14:16:15,834] [[33mWARNING[0m] [logger.py:116] No door detected in TRANSITIONING state
[2026-04-12 14:16:15,887] [[33mWARNING[0m] [logger.py:116] No door detected in TRANSITIONING state
[2026-04-12 14:16:15,941] [[33mWARNING[0m] [logger.py:116] No door detected in TRANSITIONING state
[2026-04-12 14:16:15,995] [[33mWARNING[0m] [logger.py:116] No door detected in TRANSITIONING state
[2026-04-12 14:16:16,047] [[33mWARNING[0m] [logger.py:116] No door detected in TRANSITIONING state
[2026-04-12 14:16:16,106] [[33mWARNING[0m] [logger.py:116] No door detected in TRANSITIONING state
[2026-04-12 14:16:16,191] [[33mWARNING[0m] [logger.py:116] No door detected in TRANSITIONING state
[2026-04-12 14:16:16,249] [[33mWARNING[0m] [logger.py:116] No door detected in TRANSITIONING state
[2026-04-12 14:16:16,306] [[33mWARNING[0m] [logger.py:116] No door detected in TRANSITIONING state
[2026-04-12 14:16:16,360] [[33mWARNING[0m] [logger.py:116] No door detected in TRANSITIONING state
[2026-04-12 14:16:16,411] [[33mWARNING[0m] [logger.py:116] No door detected in TRANSITIONING state
[2026-04-12 14:16:16,463] [[33mWARNING[0m] [logger.py:116] No door detected in TRANSITIONING state
[2026-04-12 14:16:16,551] [[33mWARNING[0m] [logger.py:116] No door detected in TRANSITIONING state
[2026-04-12 14:16:16,604] [[33mWARNING[0m] [logger.py:116] No door detected in TRANSITIONING state
[2026-04-12 14:16:16,661] [[33mWARNING[0m] [logger.py:116] No door detected in TRANSITIONING state
[2026-04-12 14:16:16,711] [[33mWARNING[0m] [logger.py:116] No door detected in TRANSITIONING state
[2026-04-12 14:16:16,768] [[33mWARNING[0m] [logger.py:116] No door detected in TRANSITIONING state
[2026-04-12 14:16:16,823] [[33mWARNING[0m] [logger.py:116] No door detected in TRANSITIONING state
[2026-04-12 14:16:16,901] [[33mWARNING[0m] [logger.py:116] No door detected in TRANSITIONING state
[2026-04-12 14:16:16,957] [[33mWARNING[0m] [logger.py:116] No door detected in TRANSITIONING state
[2026-04-12 14:16:17,012] [[33mWARNING[0m] [logger.py:116] No door detected in TRANSITIONING state
[2026-04-12 14:16:17,065] [[33mWARNING[0m] [logger.py:116] No door detected in TRANSITIONING state
[2026-04-12 14:16:17,119] [[33mWARNING[0m] [logger.py:116] No door detected in TRANSITIONING state
[2026-04-12 14:16:17,175] [[33mWARNING[0m] [logger.py:116] No door detected in TRANSITIONING state
[2026-04-12 14:16:17,266] [[33mWARNING[0m] [logger.py:116] No door detected in TRANSITIONING state
[2026-04-12 14:16:17,316] [[33mWARNING[0m] [logger.py:116] No door detected in TRANSITIONING state
[2026-04-12 14:16:17,365] [[33mWARNING[0m] [logger.py:116] No door detected in TRANSITIONING state
[2026-04-12 14:16:17,419] [[33mWARNING[0m] [logger.py:116] No door detected in TRANSITIONING state
[2026-04-12 14:16:17,474] [[33mWARNING[0m] [logger.py:116] No door detected in TRANSITIONING state
[2026-04-12 14:16:17,528] [[33mWARNING[0m] [logger.py:116] No door detected in TRANSITIONING state
[2026-04-12 14:16:17,615] [[33mWARNING[0m] [logger.py:116] No door detected in TRANSITIONING state
[2026-04-12 14:16:17,673] [[33mWARNING[0m] [logger.py:116] No door detected in TRANSITIONING state
[2026-04-12 14:16:17,725] [[33mWARNING[0m] [logger.py:116] No door detected in TRANSITIONING state
[2026-04-12 14:16:17,779] [[33mWARNING[0m] [logger.py:116] No door detected in TRANSITIONING state
[2026-04-12 14:16:17,835] [[33mWARNING[0m] [logger.py:116] No door detected in TRANSITIONING state
[2026-04-12 14:16:17,891] [[33mWARNING[0m] [logger.py:116] No door detected in TRANSITIONING state
[2026-04-12 14:16:17,980] [[33mWARNING[0m] [logger.py:116] No door detected in TRANSITIONING state
[2026-04-12 14:16:18,034] [[33mWARNING[0m] [logger.py:116] No door detected in TRANSITIONING state
[2026-04-12 14:16:18,093] [[33mWARNING[0m] [logger.py:116] No door detected in TRANSITIONING state
[2026-04-12 14:16:18,148] [[33mWARNING[0m] [logger.py:116] No door detected in TRANSITIONING state
[2026-04-12 14:16:18,203] [[33mWARNING[0m] [logger.py:116] No door detected in TRANSITIONING state
[2026-04-12 14:16:18,258] [[33mWARNING[0m] [logger.py:116] No door detected in TRANSITIONING state
[2026-04-12 14:16:18,350] [[33mWARNING[0m] [logger.py:116] No door detected in TRANSITIONING state
[2026-04-12 14:16:18,403] [[33mWARNING[0m] [logger.py:116] No door detected in TRANSITIONING state
[2026-04-12 14:16:18,459] [[33mWARNING[0m] [logger.py:116] No door detected in TRANSITIONING state
[2026-04-12 14:16:18,525] [[33mWARNING[0m] [logger.py:116] No door detected in TRANSITIONING state
[2026-04-12 14:16:18,580] [[33mWARNING[0m] [logger.py:116] No door detected in TRANSITIONING state
[2026-04-12 14:16:18,634] [[33mWARNING[0m] [logger.py:116] No door detected in TRANSITIONING state
[2026-04-12 14:16:18,721] [[33mWARNING[0m] [logger.py:116] No door detected in TRANSITIONING state
[2026-04-12 14:16:18,776] [[33mWARNING[0m] [logger.py:116] No door detected in TRANSITIONING state
[2026-04-12 14:16:18,830] [[33mWARNING[0m] [logger.py:116] No door detected in TRANSITIONING state
[2026-04-12 14:16:18,882] [[33mWARNING[0m] [logger.py:116] No door detected in TRANSITIONING state
[2026-04-12 14:16:18,936] [[33mWARNING[0m] [logger.py:116] No door detected in TRANSITIONING state
[2026-04-12 14:16:18,995] [[33mWARNING[0m] [logger.py:116] No door detected in TRANSITIONING state
[2026-04-12 14:16:19,083] [[33mWARNING[0m] [logger.py:116] No door detected in TRANSITIONING state
[2026-04-12 14:16:19,134] [[33mWARNING[0m] [logger.py:116] No door detected in TRANSITIONING state
[2026-04-12 14:16:19,196] [[33mWARNING[0m] [logger.py:116] No door detected in TRANSITIONING state
[2026-04-12 14:16:19,254] [[33mWARNING[0m] [logger.py:116] No door detected in TRANSITIONING state
[2026-04-12 14:16:19,306] [[33mWARNING[0m] [logger.py:116] No door detected in TRANSITIONING state
[2026-04-12 14:16:19,357] [[33mWARNING[0m] [logger.py:116] No door detected in TRANSITIONING state
[2026-04-12 14:16:19,445] [[33mWARNING[0m] [logger.py:116] No door detected in TRANSITIONING state
[2026-04-12 14:16:19,497] [[33mWARNING[0m] [logger.py:116] No door detected in TRANSITIONING state
[2026-04-12 14:16:19,551] [[33mWARNING[0m] [logger.py:116] No door detected in TRANSITIONING state
[2026-04-12 14:16:19,602] [[33mWARNING[0m] [logger.py:116] No door detected in TRANSITIONING state
[2026-04-12 14:16:19,658] [[33mWARNING[0m] [logger.py:116] No door detected in TRANSITIONING state
[2026-04-12 14:16:19,715] [[33mWARNING[0m] [logger.py:116] No door detected in TRANSITIONING state
[2026-04-12 14:16:19,800] [[33mWARNING[0m] [logger.py:116] No door detected in TRANSITIONING state
[2026-04-12 14:16:19,855] [[33mWARNING[0m] [logger.py:116] No door detected in TRANSITIONING state
[2026-04-12 14:16:19,909] [[33mWARNING[0m] [logger.py:116] No door detected in TRANSITIONING state
[2026-04-12 14:16:19,962] [[33mWARNING[0m] [logger.py:116] No door detected in TRANSITIONING state
[2026-04-12 14:16:20,017] [[33mWARNING[0m] [logger.py:116] No door detected in TRANSITIONING state
[2026-04-12 14:16:20,068] [[33mWARNING[0m] [logger.py:116] No door detected in TRANSITIONING state
[2026-04-12 14:16:20,157] [[33mWARNING[0m] [logger.py:116] No door detected in TRANSITIONING state
[2026-04-12 14:16:20,209] [[33mWARNING[0m] [logger.py:116] No door detected in TRANSITIONING state
[2026-04-12 14:16:20,261] [[33mWARNING[0m] [logger.py:116] No door detected in TRANSITIONING state
[2026-04-12 14:16:20,318] [[33mWARNING[0m] [logger.py:116] No door detected in TRANSITIONING state
[2026-04-12 14:16:20,376] [[33mWARNING[0m] [logger.py:116] No door detected in TRANSITIONING state
[2026-04-12 14:16:20,430] [[33mWARNING[0m] [logger.py:116] No door detected in TRANSITIONING state
[2026-04-12 14:16:20,514] [[33mWARNING[0m] [logger.py:116] No door detected in TRANSITIONING state
[2026-04-12 14:16:20,573] [[33mWARNING[0m] [logger.py:116] No door detected in TRANSITIONING state
[2026-04-12 14:16:20,626] [[33mWARNING[0m] [logger.py:116] No door detected in TRANSITIONING state
[2026-04-12 14:16:20,678] [[33mWARNING[0m] [logger.py:116] No door detected in TRANSITIONING state
[2026-04-12 14:16:20,735] [[33mWARNING[0m] [logger.py:116] No door detected in TRANSITIONING state
[2026-04-12 14:16:20,798] [[33mWARNING[0m] [logger.py:116] No door detected in TRANSITIONING state
[2026-04-12 14:16:20,880] [[33mWARNING[0m] [logger.py:116] No door detected in TRANSITIONING state
[2026-04-12 14:16:20,935] [[33mWARNING[0m] [logger.py:116] No door detected in TRANSITIONING state
[2026-04-12 14:16:20,990] [[33mWARNING[0m] [logger.py:116] No door detected in TRANSITIONING state
[2026-04-12 14:16:21,046] [[33mWARNING[0m] [logger.py:116] No door detected in TRANSITIONING state
[2026-04-12 14:16:21,099] [[33mWARNING[0m] [logger.py:116] No door detected in TRANSITIONING state
[2026-04-12 14:16:21,148] [[33mWARNING[0m] [logger.py:116] No door detected in TRANSITIONING state
[2026-04-12 14:16:21,236] [[33mWARNING[0m] [logger.py:116] No door detected in TRANSITIONING state
[2026-04-12 14:16:21,287] [[33mWARNING[0m] [logger.py:116] No door detected in TRANSITIONING state
[2026-04-12 14:16:21,342] [[33mWARNING[0m] [logger.py:116] No door detected in TRANSITIONING state
[2026-04-12 14:16:21,402] [[33mWARNING[0m] [logger.py:116] No door detected in TRANSITIONING state
[2026-04-12 14:16:21,458] [[33mWARNING[0m] [logger.py:116] No door detected in TRANSITIONING state
[2026-04-12 14:16:21,518] [[33mWARNING[0m] [logger.py:116] No door detected in TRANSITIONING state
[2026-04-12 14:16:21,608] [[33mWARNING[0m] [logger.py:116] No door detected in TRANSITIONING state
[2026-04-12 14:16:21,666] [[33mWARNING[0m] [logger.py:116] No door detected in TRANSITIONING state
[2026-04-12 14:16:21,721] [[33mWARNING[0m] [logger.py:116] No door detected in TRANSITIONING state
[2026-04-12 14:16:21,773] [[33mWARNING[0m] [logger.py:116] No door detected in TRANSITIONING state
[2026-04-12 14:16:21,823] [[33mWARNING[0m] [logger.py:116] No door detected in TRANSITIONING state
[2026-04-12 14:16:21,883] [[33mWARNING[0m] [logger.py:116] No door detected in TRANSITIONING state
[2026-04-12 14:16:21,982] [[33mWARNING[0m] [logger.py:116] No door detected in TRANSITIONING state
[2026-04-12 14:16:22,045] [[33mWARNING[0m] [logger.py:116] No door detected in TRANSITIONING state
[2026-04-12 14:16:22,105] [[33mWARNING[0m] [logger.py:116] No door detected in TRANSITIONING state
[2026-04-12 14:16:22,167] [[33mWARNING[0m] [logger.py:116] No door detected in TRANSITIONING state
[2026-04-12 14:16:22,222] [[33mWARNING[0m] [logger.py:116] No door detected in TRANSITIONING state
[2026-04-12 14:16:22,309] [[33mWARNING[0m] [logger.py:116] No door detected in TRANSITIONING state
[2026-04-12 14:16:22,361] [[33mWARNING[0m] [logger.py:116] No door detected in TRANSITIONING state
[2026-04-12 14:16:22,416] [[33mWARNING[0m] [logger.py:116] No door detected in TRANSITIONING state
[2026-04-12 14:16:22,467] [[33mWARNING[0m] [logger.py:116] No door detected in TRANSITIONING state
[2026-04-12 14:16:22,524] [[33mWARNING[0m] [logger.py:116] No door detected in TRANSITIONING state
[2026-04-12 14:16:22,578] [[33mWARNING[0m] [logger.py:116] No door detected in TRANSITIONING state
[2026-04-12 14:16:22,665] [[33mWARNING[0m] [logger.py:116] No door detected in TRANSITIONING state
[2026-04-12 14:16:22,722] [[33mWARNING[0m] [logger.py:116] No door detected in TRANSITIONING state
[2026-04-12 14:16:22,784] [[33mWARNING[0m] [logger.py:116] No door detected in TRANSITIONING state
[2026-04-12 14:16:22,840] [[33mWARNING[0m] [logger.py:116] No door detected in TRANSITIONING state
[2026-04-12 14:16:22,894] [[33mWARNING[0m] [logger.py:116] No door detected in TRANSITIONING state
[2026-04-12 14:16:23,040] [[33mWARNING[0m] [logger.py:116] No door detected in TRANSITIONING state
[2026-04-12 14:16:23,093] [[33mWARNING[0m] [logger.py:116] No door detected in TRANSITIONING state
[2026-04-12 14:16:23,143] [[33mWARNING[0m] [logger.py:116] No door detected in TRANSITIONING state
[2026-04-12 14:16:23,201] [[33mWARNING[0m] [logger.py:116] No door detected in TRANSITIONING state
[2026-04-12 14:16:23,263] [[33mWARNING[0m] [logger.py:116] No door detected in TRANSITIONING state
[2026-04-12 14:16:23,321] [[33mWARNING[0m] [logger.py:116] No door detected in TRANSITIONING state
[2026-04-12 14:16:23,410] [[33mWARNING[0m] [logger.py:116] No door detected in TRANSITIONING state
[2026-04-12 14:16:23,469] [[33mWARNING[0m] [logger.py:116] No door detected in TRANSITIONING state
[2026-04-12 14:16:23,523] [[33mWARNING[0m] [logger.py:116] No door detected in TRANSITIONING state
[2026-04-12 14:16:23,575] [[33mWARNING[0m] [logger.py:116] No door detected in TRANSITIONING state
[2026-04-12 14:16:23,635] [[33mWARNING[0m] [logger.py:116] No door detected in TRANSITIONING state
[2026-04-12 14:16:23,688] [[33mWARNING[0m] [logger.py:116] No door detected in TRANSITIONING state
[2026-04-12 14:16:23,769] [[33mWARNING[0m] [logger.py:116] No door detected in TRANSITIONING state
[2026-04-12 14:16:23,827] [[33mWARNING[0m] [logger.py:116] No door detected in TRANSITIONING state
[2026-04-12 14:16:23,884] [[33mWARNING[0m] [logger.py:116] No door detected in TRANSITIONING state
[2026-04-12 14:16:23,942] [[33mWARNING[0m] [logger.py:116] No door detected in TRANSITIONING state
[2026-04-12 14:16:23,998] [[33mWARNING[0m] [logger.py:116] No door detected in TRANSITIONING state
[2026-04-12 14:16:24,055] [[33mWARNING[0m] [logger.py:116] No door detected in TRANSITIONING state
[2026-04-12 14:16:24,144] [[33mWARNING[0m] [logger.py:116] No door detected in TRANSITIONING state
[2026-04-12 14:16:24,197] [[33mWARNING[0m] [logger.py:116] No door detected in TRANSITIONING state
[2026-04-12 14:16:24,252] [[33mWARNING[0m] [logger.py:116] No door detected in TRANSITIONING state
[2026-04-12 14:16:24,314] [[33mWARNING[0m] [logger.py:116] No door detected in TRANSITIONING state
[2026-04-12 14:16:24,369] [[33mWARNING[0m] [logger.py:116] No door detected in TRANSITIONING state
[2026-04-12 14:16:24,420] [[33mWARNING[0m] [logger.py:116] No door detected in TRANSITIONING state
[2026-04-12 14:16:24,508] [[33mWARNING[0m] [logger.py:116] No door detected in TRANSITIONING state
[2026-04-12 14:16:24,566] [[33mWARNING[0m] [logger.py:116] No door detected in TRANSITIONING state
[2026-04-12 14:16:24,620] [[33mWARNING[0m] [logger.py:116] No door detected in TRANSITIONING state
[2026-04-12 14:16:24,672] [[33mWARNING[0m] [logger.py:116] No door detected in TRANSITIONING state
[2026-04-12 14:16:24,728] [[33mWARNING[0m] [logger.py:116] No door detected in TRANSITIONING state
[2026-04-12 14:16:24,783] [[33mWARNING[0m] [logger.py:116] No door detected in TRANSITIONING state
[2026-04-12 14:16:24,872] [[33mWARNING[0m] [logger.py:116] No door detected in TRANSITIONING state
[2026-04-12 14:16:24,924] [[33mWARNING[0m] [logger.py:116] No door detected in TRANSITIONING state
[2026-04-12 14:16:24,978] [[33mWARNING[0m] [logger.py:116] No door detected in TRANSITIONING state
[2026-04-12 14:16:25,034] [[33mWARNING[0m] [logger.py:116] No door detected in TRANSITIONING state
[2026-04-12 14:16:25,085] [[33mWARNING[0m] [logger.py:116] No door detected in TRANSITIONING state
[2026-04-12 14:16:25,135] [[33mWARNING[0m] [logger.py:116] No door detected in TRANSITIONING state
[2026-04-12 14:16:25,222] [[33mWARNING[0m] [logger.py:116] No door detected in TRANSITIONING state
[2026-04-12 14:16:25,280] [[33mWARNING[0m] [logger.py:116] No door detected in TRANSITIONING state
[2026-04-12 14:16:25,331] [[33mWARNING[0m] [logger.py:116] No door detected in TRANSITIONING state
[2026-04-12 14:16:25,383] [[33mWARNING[0m] [logger.py:116] No door detected in TRANSITIONING state
[2026-04-12 14:16:25,440] [[33mWARNING[0m] [logger.py:116] No door detected in TRANSITIONING state
[2026-04-12 14:16:25,496] [[33mWARNING[0m] [logger.py:116] No door detected in TRANSITIONING state
[2026-04-12 14:16:25,584] [[33mWARNING[0m] [logger.py:116] No door detected in TRANSITIONING state
[2026-04-12 14:16:25,635] [[33mWARNING[0m] [logger.py:116] No door detected in TRANSITIONING state
[2026-04-12 14:16:25,693] [[33mWARNING[0m] [logger.py:116] No door detected in TRANSITIONING state
[2026-04-12 14:16:25,749] [[33mWARNING[0m] [logger.py:116] No door detected in TRANSITIONING state
[2026-04-12 14:16:25,803] [[33mWARNING[0m] [logger.py:116] No door detected in TRANSITIONING state
[2026-04-12 14:16:25,856] [[33mWARNING[0m] [logger.py:116] No door detected in TRANSITIONING state
[2026-04-12 14:16:25,947] [[33mWARNING[0m] [logger.py:116] No door detected in TRANSITIONING state
[2026-04-12 14:16:26,000] [[33mWARNING[0m] [logger.py:116] No door detected in TRANSITIONING state
[2026-04-12 14:16:26,052] [[33mWARNING[0m] [logger.py:116] No door detected in TRANSITIONING state
[2026-04-12 14:16:26,113] [[33mWARNING[0m] [logger.py:116] No door detected in TRANSITIONING state
[2026-04-12 14:16:26,168] [[33mWARNING[0m] [logger.py:116] No door detected in TRANSITIONING state
[2026-04-12 14:16:26,222] [[33mWARNING[0m] [logger.py:116] No door detected in TRANSITIONING state
[2026-04-12 14:16:26,305] [[33mWARNING[0m] [logger.py:116] No door detected in TRANSITIONING state
[2026-04-12 14:16:26,359] [[33mWARNING[0m] [logger.py:116] No door detected in TRANSITIONING state
[2026-04-12 14:16:26,412] [[33mWARNING[0m] [logger.py:116] No door detected in TRANSITIONING state
[2026-04-12 14:16:26,463] [[33mWARNING[0m] [logger.py:116] No door detected in TRANSITIONING state
[2026-04-12 14:16:26,516] [[33mWARNING[0m] [logger.py:116] No door detected in TRANSITIONING state
[2026-04-12 14:16:26,569] [[33mWARNING[0m] [logger.py:116] No door detected in TRANSITIONING state
[2026-04-12 14:16:26,654] [[33mWARNING[0m] [logger.py:116] No door detected in TRANSITIONING state
[2026-04-12 14:16:26,711] [[33mWARNING[0m] [logger.py:116] No door detected in TRANSITIONING state
[2026-04-12 14:16:26,770] [[33mWARNING[0m] [logger.py:116] No door detected in TRANSITIONING state
[2026-04-12 14:16:26,830] [[33mWARNING[0m] [logger.py:116] No door detected in TRANSITIONING state
[2026-04-12 14:16:26,888] [[33mWARNING[0m] [logger.py:116] No door detected in TRANSITIONING state
[2026-04-12 14:16:26,939] [[33mWARNING[0m] [logger.py:116] No door detected in TRANSITIONING state
[2026-04-12 14:16:27,031] [[33mWARNING[0m] [logger.py:116] No door detected in TRANSITIONING state
[2026-04-12 14:16:27,085] [[33mWARNING[0m] [logger.py:116] No door detected in TRANSITIONING state
[2026-04-12 14:16:27,135] [[33mWARNING[0m] [logger.py:116] No door detected in TRANSITIONING state
[2026-04-12 14:16:27,187] [[33mWARNING[0m] [logger.py:116] No door detected in TRANSITIONING state
[2026-04-12 14:16:27,243] [[33mWARNING[0m] [logger.py:116] No door detected in TRANSITIONING state
[2026-04-12 14:16:27,300] [[33mWARNING[0m] [logger.py:116] No door detected in TRANSITIONING state
[2026-04-12 14:16:27,385] [[33mWARNING[0m] [logger.py:116] No door detected in TRANSITIONING state
[2026-04-12 14:16:27,444] [[33mWARNING[0m] [logger.py:116] No door detected in TRANSITIONING state
[2026-04-12 14:16:27,500] [[33mWARNING[0m] [logger.py:116] No door detected in TRANSITIONING state
[2026-04-12 14:16:27,552] [[33mWARNING[0m] [logger.py:116] No door detected in TRANSITIONING state
[2026-04-12 14:16:27,604] [[33mWARNING[0m] [logger.py:116] No door detected in TRANSITIONING state
[2026-04-12 14:16:27,657] [[33mWARNING[0m] [logger.py:116] No door detected in TRANSITIONING state
[2026-04-12 14:16:27,749] [[33mWARNING[0m] [logger.py:116] No door detected in TRANSITIONING state
[2026-04-12 14:16:27,803] [[33mWARNING[0m] [logger.py:116] No door detected in TRANSITIONING state
[2026-04-12 14:16:27,855] [[33mWARNING[0m] [logger.py:116] No door detected in TRANSITIONING state
[2026-04-12 14:16:27,913] [[33mWARNING[0m] [logger.py:116] No door detected in TRANSITIONING state
[2026-04-12 14:16:27,968] [[33mWARNING[0m] [logger.py:116] No door detected in TRANSITIONING state
[2026-04-12 14:16:28,021] [[33mWARNING[0m] [logger.py:116] No door detected in TRANSITIONING state
[2026-04-12 14:16:28,110] [[33mWARNING[0m] [logger.py:116] No door detected in TRANSITIONING state
[2026-04-12 14:16:28,167] [[33mWARNING[0m] [logger.py:116] No door detected in TRANSITIONING state
[2026-04-12 14:16:28,222] [[33mWARNING[0m] [logger.py:116] No door detected in TRANSITIONING state
[2026-04-12 14:16:28,274] [[33mWARNING[0m] [logger.py:116] No door detected in TRANSITIONING state
[2026-04-12 14:16:28,328] [[33mWARNING[0m] [logger.py:116] No door detected in TRANSITIONING state
[2026-04-12 14:16:28,389] [[33mWARNING[0m] [logger.py:116] No door detected in TRANSITIONING state
[2026-04-12 14:16:28,475] [[33mWARNING[0m] [logger.py:116] No door detected in TRANSITIONING state
[2026-04-12 14:16:28,526] [[33mWARNING[0m] [logger.py:116] No door detected in TRANSITIONING state
[2026-04-12 14:16:28,584] [[33mWARNING[0m] [logger.py:116] No door detected in TRANSITIONING state
[2026-04-12 14:16:28,641] [[33mWARNING[0m] [logger.py:116] No door detected in TRANSITIONING state
[2026-04-12 14:16:28,694] [[33mWARNING[0m] [logger.py:116] No door detected in TRANSITIONING state
[2026-04-12 14:16:28,748] [[33mWARNING[0m] [logger.py:116] No door detected in TRANSITIONING state
[2026-04-12 14:16:28,836] [[33mWARNING[0m] [logger.py:116] No door detected in TRANSITIONING state
[2026-04-12 14:16:28,894] [[33mWARNING[0m] [logger.py:116] No door detected in TRANSITIONING state
[2026-04-12 14:16:28,945] [[33mWARNING[0m] [logger.py:116] No door detected in TRANSITIONING state
[2026-04-12 14:16:29,000] [[33mWARNING[0m] [logger.py:116] No door detected in TRANSITIONING state
[2026-04-12 14:16:29,056] [[33mWARNING[0m] [logger.py:116] No door detected in TRANSITIONING state
[2026-04-12 14:16:29,115] [[33mWARNING[0m] [logger.py:116] No door detected in TRANSITIONING state
[2026-04-12 14:16:29,200] [[33mWARNING[0m] [logger.py:116] No door detected in TRANSITIONING state
[2026-04-12 14:16:29,256] [[33mWARNING[0m] [logger.py:116] No door detected in TRANSITIONING state
[2026-04-12 14:16:29,314] [[33mWARNING[0m] [logger.py:116] No door detected in TRANSITIONING state
[2026-04-12 14:16:29,367] [[33mWARNING[0m] [logger.py:116] No door detected in TRANSITIONING state
[2026-04-12 14:16:29,419] [[33mWARNING[0m] [logger.py:116] No door detected in TRANSITIONING state
[2026-04-12 14:16:29,478] [[33mWARNING[0m] [logger.py:116] No door detected in TRANSITIONING state
[2026-04-12 14:16:29,566] [[33mWARNING[0m] [logger.py:116] No door detected in TRANSITIONING state
[2026-04-12 14:16:29,619] [[33mWARNING[0m] [logger.py:116] No door detected in TRANSITIONING state
[2026-04-12 14:16:29,676] [[33mWARNING[0m] [logger.py:116] No door detected in TRANSITIONING state
[2026-04-12 14:16:29,734] [[33mWARNING[0m] [logger.py:116] No door detected in TRANSITIONING state
[2026-04-12 14:16:29,784] [[33mWARNING[0m] [logger.py:116] No door detected in TRANSITIONING state
[2026-04-12 14:16:29,835] [[33mWARNING[0m] [logger.py:116] No door detected in TRANSITIONING state
[2026-04-12 14:16:29,925] [[33mWARNING[0m] [logger.py:116] No door detected in TRANSITIONING state
[2026-04-12 14:16:29,978] [[33mWARNING[0m] [logger.py:116] No door detected in TRANSITIONING state
[2026-04-12 14:16:30,035] [[33mWARNING[0m] [logger.py:116] No door detected in TRANSITIONING state
[2026-04-12 14:16:30,089] [[33mWARNING[0m] [logger.py:116] No door detected in TRANSITIONING state
[2026-04-12 14:16:30,150] [[33mWARNING[0m] [logger.py:116] No door detected in TRANSITIONING state
[2026-04-12 14:16:30,207] [[33mWARNING[0m] [logger.py:116] No door detected in TRANSITIONING state
[2026-04-12 14:16:30,298] [[33mWARNING[0m] [logger.py:116] No door detected in TRANSITIONING state
[2026-04-12 14:16:30,356] [[33mWARNING[0m] [logger.py:116] No door detected in TRANSITIONING state
[2026-04-12 14:16:30,413] [[33mWARNING[0m] [logger.py:116] No door detected in TRANSITIONING state
[2026-04-12 14:16:30,465] [[33mWARNING[0m] [logger.py:116] No door detected in TRANSITIONING state
[2026-04-12 14:16:30,516] [[33mWARNING[0m] [logger.py:116] No door detected in TRANSITIONING state
[2026-04-12 14:16:30,571] [[33mWARNING[0m] [logger.py:116] No door detected in TRANSITIONING state
[2026-04-12 14:16:30,656] [[33mWARNING[0m] [logger.py:116] No door detected in TRANSITIONING state
[2026-04-12 14:16:30,710] [[33mWARNING[0m] [logger.py:116] No door detected in TRANSITIONING state
[2026-04-12 14:16:30,763] [[33mWARNING[0m] [logger.py:116] No door detected in TRANSITIONING state
[2026-04-12 14:16:30,819] [[33mWARNING[0m] [logger.py:116] No door detected in TRANSITIONING state
[2026-04-12 14:16:30,875] [[33mWARNING[0m] [logger.py:116] No door detected in TRANSITIONING state
[2026-04-12 14:16:30,932] [[33mWARNING[0m] [logger.py:116] No door detected in TRANSITIONING state
[2026-04-12 14:16:31,025] [[33mWARNING[0m] [logger.py:116] No door detected in TRANSITIONING state
[2026-04-12 14:16:31,077] [[33mWARNING[0m] [logger.py:116] No door detected in TRANSITIONING state
[2026-04-12 14:16:31,131] [[33mWARNING[0m] [logger.py:116] No door detected in TRANSITIONING state
[2026-04-12 14:16:31,189] [[33mWARNING[0m] [logger.py:116] No door detected in TRANSITIONING state
[2026-04-12 14:16:31,247] [[33mWARNING[0m] [logger.py:116] No door detected in TRANSITIONING state
[2026-04-12 14:16:31,301] [[33mWARNING[0m] [logger.py:116] No door detected in TRANSITIONING state
[2026-04-12 14:16:31,388] [[33mWARNING[0m] [logger.py:116] No door detected in TRANSITIONING state
[2026-04-12 14:16:31,443] [[33mWARNING[0m] [logger.py:116] No door detected in TRANSITIONING state
[2026-04-12 14:16:31,497] [[33mWARNING[0m] [logger.py:116] No door detected in TRANSITIONING state
[2026-04-12 14:16:31,550] [[33mWARNING[0m] [logger.py:116] No door detected in TRANSITIONING state
[2026-04-12 14:16:31,605] [[33mWARNING[0m] [logger.py:116] No door detected in TRANSITIONING state
[2026-04-12 14:16:31,663] [[33mWARNING[0m] [logger.py:116] No door detected in TRANSITIONING state
[2026-04-12 14:16:31,748] [[33mWARNING[0m] [logger.py:116] No door detected in TRANSITIONING state
[2026-04-12 14:16:31,803] [[33mWARNING[0m] [logger.py:116] No door detected in TRANSITIONING state
[2026-04-12 14:16:31,860] [[33mWARNING[0m] [logger.py:116] No door detected in TRANSITIONING state
[2026-04-12 14:16:31,914] [[33mWARNING[0m] [logger.py:116] No door detected in TRANSITIONING state
[2026-04-12 14:16:31,964] [[33mWARNING[0m] [logger.py:116] No door detected in TRANSITIONING state
[2026-04-12 14:16:32,016] [[33mWARNING[0m] [logger.py:116] No door detected in TRANSITIONING state
[2026-04-12 14:16:32,108] [[33mWARNING[0m] [logger.py:116] No door detected in TRANSITIONING state
[2026-04-12 14:16:32,159] [[33mWARNING[0m] [logger.py:116] No door detected in TRANSITIONING state
[2026-04-12 14:16:32,213] [[33mWARNING[0m] [logger.py:116] No door detected in TRANSITIONING state
[2026-04-12 14:16:32,272] [[33mWARNING[0m] [logger.py:116] No door detected in TRANSITIONING state
[2026-04-12 14:16:32,331] [[33mWARNING[0m] [logger.py:116] No door detected in TRANSITIONING state
[2026-04-12 14:16:32,385] [[33mWARNING[0m] [logger.py:116] No door detected in TRANSITIONING state
[2026-04-12 14:16:32,470] [[33mWARNING[0m] [logger.py:116] No door detected in TRANSITIONING state
[2026-04-12 14:16:32,528] [[33mWARNING[0m] [logger.py:116] No door detected in TRANSITIONING state
[2026-04-12 14:16:32,581] [[33mWARNING[0m] [logger.py:116] No door detected in TRANSITIONING state
[2026-04-12 14:16:32,630] [[33mWARNING[0m] [logger.py:116] No door detected in TRANSITIONING state
[2026-04-12 14:16:32,684] [[33mWARNING[0m] [logger.py:116] No door detected in TRANSITIONING state
[2026-04-12 14:16:32,740] [[33mWARNING[0m] [logger.py:116] No door detected in TRANSITIONING state
[2026-04-12 14:16:32,835] [[33mWARNING[0m] [logger.py:116] No door detected in TRANSITIONING state
[2026-04-12 14:16:32,887] [[33mWARNING[0m] [logger.py:116] No door detected in TRANSITIONING state
[2026-04-12 14:16:32,946] [[33mWARNING[0m] [logger.py:116] No door detected in TRANSITIONING state
[2026-04-12 14:16:33,007] [[33mWARNING[0m] [logger.py:116] No door detected in TRANSITIONING state
[2026-04-12 14:16:33,058] [[33mWARNING[0m] [logger.py:116] No door detected in TRANSITIONING state
[2026-04-12 14:16:33,114] [[33mWARNING[0m] [logger.py:116] No door detected in TRANSITIONING state
[2026-04-12 14:16:33,202] [[33mWARNING[0m] [logger.py:116] No door detected in TRANSITIONING state
[2026-04-12 14:16:33,257] [[33mWARNING[0m] [logger.py:116] No door detected in TRANSITIONING state
[2026-04-12 14:16:33,313] [[33mWARNING[0m] [logger.py:116] No door detected in TRANSITIONING state
[2026-04-12 14:16:33,368] [[33mWARNING[0m] [logger.py:116] No door detected in TRANSITIONING state
[2026-04-12 14:16:33,427] [[33mWARNING[0m] [logger.py:116] No door detected in TRANSITIONING state
[2026-04-12 14:16:33,480] [[33mWARNING[0m] [logger.py:116] No door detected in TRANSITIONING state
[2026-04-12 14:16:33,569] [[33mWARNING[0m] [logger.py:116] No door detected in TRANSITIONING state
[2026-04-12 14:16:33,620] [[33mWARNING[0m] [logger.py:116] No door detected in TRANSITIONING state
[2026-04-12 14:16:33,674] [[33mWARNING[0m] [logger.py:116] No door detected in TRANSITIONING state
[2026-04-12 14:16:33,726] [[33mWARNING[0m] [logger.py:116] No door detected in TRANSITIONING state
[2026-04-12 14:16:33,780] [[33mWARNING[0m] [logger.py:116] No door detected in TRANSITIONING state
[2026-04-12 14:16:33,839] [[33mWARNING[0m] [logger.py:116] No door detected in TRANSITIONING state
[2026-04-12 14:16:33,926] [[33mWARNING[0m] [logger.py:116] No door detected in TRANSITIONING state
[2026-04-12 14:16:33,986] [[33mWARNING[0m] [logger.py:116] No door detected in TRANSITIONING state
[2026-04-12 14:16:34,046] [[33mWARNING[0m] [logger.py:116] No door detected in TRANSITIONING state
[2026-04-12 14:16:34,100] [[33mWARNING[0m] [logger.py:116] No door detected in TRANSITIONING state
[2026-04-12 14:16:34,155] [[33mWARNING[0m] [logger.py:116] No door detected in TRANSITIONING state
[2026-04-12 14:16:34,211] [[33mWARNING[0m] [logger.py:116] No door detected in TRANSITIONING state
[2026-04-12 14:16:34,301] [[33mWARNING[0m] [logger.py:116] No door detected in TRANSITIONING state
[2026-04-12 14:16:34,353] [[33mWARNING[0m] [logger.py:116] No door detected in TRANSITIONING state
[2026-04-12 14:16:34,406] [[33mWARNING[0m] [logger.py:116] No door detected in TRANSITIONING state
[2026-04-12 14:16:34,460] [[33mWARNING[0m] [logger.py:116] No door detected in TRANSITIONING state
[2026-04-12 14:16:34,520] [[33mWARNING[0m] [logger.py:116] No door detected in TRANSITIONING state
[2026-04-12 14:16:34,572] [[33mWARNING[0m] [logger.py:116] No door detected in TRANSITIONING state
[2026-04-12 14:16:34,659] [[33mWARNING[0m] [logger.py:116] No door detected in TRANSITIONING state
[2026-04-12 14:16:34,714] [[33mWARNING[0m] [logger.py:116] No door detected in TRANSITIONING state
[2026-04-12 14:16:34,765] [[33mWARNING[0m] [logger.py:116] No door detected in TRANSITIONING state
[2026-04-12 14:16:34,819] [[33mWARNING[0m] [logger.py:116] No door detected in TRANSITIONING state
[2026-04-12 14:16:34,874] [[33mWARNING[0m] [logger.py:116] No door detected in TRANSITIONING state
[2026-04-12 14:16:34,930] [[33mWARNING[0m] [logger.py:116] No door detected in TRANSITIONING state
[2026-04-12 14:16:35,016] [[33mWARNING[0m] [logger.py:116] No door detected in TRANSITIONING state
[2026-04-12 14:16:35,074] [[33mWARNING[0m] [logger.py:116] No door detected in TRANSITIONING state
[2026-04-12 14:16:35,132] [[33mWARNING[0m] [logger.py:116] No door detected in TRANSITIONING state
[2026-04-12 14:16:35,188] [[33mWARNING[0m] [logger.py:116] No door detected in TRANSITIONING state
[2026-04-12 14:16:35,239] [[33mWARNING[0m] [logger.py:116] No door detected in TRANSITIONING state
[2026-04-12 14:16:35,289] [[33mWARNING[0m] [logger.py:116] No door detected in TRANSITIONING state
[2026-04-12 14:16:35,380] [[33mWARNING[0m] [logger.py:116] No door detected in TRANSITIONING state
[2026-04-12 14:16:35,433] [[33mWARNING[0m] [logger.py:116] No door detected in TRANSITIONING state
[2026-04-12 14:16:35,483] [[33mWARNING[0m] [logger.py:116] No door detected in TRANSITIONING state
[2026-04-12 14:16:35,533] [[33mWARNING[0m] [logger.py:116] No door detected in TRANSITIONING state
[2026-04-12 14:16:35,585] [[33mWARNING[0m] [logger.py:116] No door detected in TRANSITIONING state
[2026-04-12 14:16:35,642] [[33mWARNING[0m] [logger.py:116] No door detected in TRANSITIONING state
[2026-04-12 14:16:35,724] [[33mWARNING[0m] [logger.py:116] No door detected in TRANSITIONING state
[2026-04-12 14:16:35,776] [[33mWARNING[0m] [logger.py:116] No door detected in TRANSITIONING state
[2026-04-12 14:16:35,835] [[33mWARNING[0m] [logger.py:116] No door detected in TRANSITIONING state
[2026-04-12 14:16:35,887] [[33mWARNING[0m] [logger.py:116] No door detected in TRANSITIONING state
[2026-04-12 14:16:35,940] [[33mWARNING[0m] [logger.py:116] No door detected in TRANSITIONING state
[2026-04-12 14:16:35,993] [[33mWARNING[0m] [logger.py:116] No door detected in TRANSITIONING state
[2026-04-12 14:16:36,081] [[33mWARNING[0m] [logger.py:116] No door detected in TRANSITIONING state
[2026-04-12 14:16:36,132] [[33mWARNING[0m] [logger.py:116] No door detected in TRANSITIONING state
[2026-04-12 14:16:36,186] [[33mWARNING[0m] [logger.py:116] No door detected in TRANSITIONING state
[2026-04-12 14:16:36,240] [[33mWARNING[0m] [logger.py:116] No door detected in TRANSITIONING state
[2026-04-12 14:16:36,294] [[33mWARNING[0m] [logger.py:116] No door detected in TRANSITIONING state
[2026-04-12 14:16:36,348] [[33mWARNING[0m] [logger.py:116] No door detected in TRANSITIONING state
[2026-04-12 14:16:36,431] [[33mWARNING[0m] [logger.py:116] No door detected in TRANSITIONING state
[2026-04-12 14:16:36,487] [[33mWARNING[0m] [logger.py:116] No door detected in TRANSITIONING state
[2026-04-12 14:16:36,539] [[33mWARNING[0m] [logger.py:116] No door detected in TRANSITIONING state
[2026-04-12 14:16:36,594] [[33mWARNING[0m] [logger.py:116] No door detected in TRANSITIONING state
[2026-04-12 14:16:36,646] [[33mWARNING[0m] [logger.py:116] No door detected in TRANSITIONING state
[2026-04-12 14:16:36,703] [[33mWARNING[0m] [logger.py:116] No door detected in TRANSITIONING state
[2026-04-12 14:16:36,788] [[33mWARNING[0m] [logger.py:116] No door detected in TRANSITIONING state
[2026-04-12 14:16:36,839] [[33mWARNING[0m] [logger.py:116] No door detected in TRANSITIONING state
[2026-04-12 14:16:36,900] [[33mWARNING[0m] [logger.py:116] No door detected in TRANSITIONING state
[2026-04-12 14:16:36,966] [[33mWARNING[0m] [logger.py:116] No door detected in TRANSITIONING state
[2026-04-12 14:16:37,024] [[33mWARNING[0m] [logger.py:116] No door detected in TRANSITIONING state
[2026-04-12 14:16:37,080] [[33mWARNING[0m] [logger.py:116] No door detected in TRANSITIONING state
[2026-04-12 14:16:37,178] [[33mWARNING[0m] [logger.py:116] No door detected in TRANSITIONING state
[2026-04-12 14:16:37,232] [[33mWARNING[0m] [logger.py:116] No door detected in TRANSITIONING state
[2026-04-12 14:16:37,286] [[33mWARNING[0m] [logger.py:116] No door detected in TRANSITIONING state
[2026-04-12 14:16:37,343] [[33mWARNING[0m] [logger.py:116] No door detected in TRANSITIONING state
[2026-04-12 14:16:37,397] [[33mWARNING[0m] [logger.py:116] No door detected in TRANSITIONING state
[2026-04-12 14:16:37,448] [[33mWARNING[0m] [logger.py:116] No door detected in TRANSITIONING state
[2026-04-12 14:16:37,538] [[33mWARNING[0m] [logger.py:116] No door detected in TRANSITIONING state
[2026-04-12 14:16:37,598] [[33mWARNING[0m] [logger.py:116] No door detected in TRANSITIONING state
[2026-04-12 14:16:37,651] [[33mWARNING[0m] [logger.py:116] No door detected in TRANSITIONING state
[2026-04-12 14:16:37,701] [[33mWARNING[0m] [logger.py:116] No door detected in TRANSITIONING state
[2026-04-12 14:16:37,762] [[33mWARNING[0m] [logger.py:116] No door detected in TRANSITIONING state
[2026-04-12 14:16:37,819] [[33mWARNING[0m] [logger.py:116] No door detected in TRANSITIONING state
[2026-04-12 14:16:37,902] [[33mWARNING[0m] [logger.py:116] No door detected in TRANSITIONING state
[2026-04-12 14:16:37,958] [[33mWARNING[0m] [logger.py:116] No door detected in TRANSITIONING state
[2026-04-12 14:16:38,013] [[33mWARNING[0m] [logger.py:116] No door detected in TRANSITIONING state
[2026-04-12 14:16:38,064] [[33mWARNING[0m] [logger.py:116] No door detected in TRANSITIONING state
[2026-04-12 14:16:38,121] [[33mWARNING[0m] [logger.py:116] No door detected in TRANSITIONING state
[2026-04-12 14:16:38,175] [[33mWARNING[0m] [logger.py:116] No door detected in TRANSITIONING state
[2026-04-12 14:16:38,265] [[33mWARNING[0m] [logger.py:116] No door detected in TRANSITIONING state
[2026-04-12 14:16:38,317] [[33mWARNING[0m] [logger.py:116] No door detected in TRANSITIONING state
[2026-04-12 14:16:38,374] [[33mWARNING[0m] [logger.py:116] No door detected in TRANSITIONING state
[2026-04-12 14:16:38,430] [[33mWARNING[0m] [logger.py:116] No door detected in TRANSITIONING state
[2026-04-12 14:16:38,483] [[33mWARNING[0m] [logger.py:116] No door detected in TRANSITIONING state
[2026-04-12 14:16:38,539] [[33mWARNING[0m] [logger.py:116] No door detected in TRANSITIONING state
[2026-04-12 14:16:38,627] [[33mWARNING[0m] [logger.py:116] No door detected in TRANSITIONING state
[2026-04-12 14:16:38,683] [[33mWARNING[0m] [logger.py:116] No door detected in TRANSITIONING state
[2026-04-12 14:16:38,737] [[33mWARNING[0m] [logger.py:116] No door detected in TRANSITIONING state
[2026-04-12 14:16:38,788] [[33mWARNING[0m] [logger.py:116] No door detected in TRANSITIONING state
[2026-04-12 14:16:38,844] [[33mWARNING[0m] [logger.py:116] No door detected in TRANSITIONING state
[2026-04-12 14:16:38,901] [[33mWARNING[0m] [logger.py:116] No door detected in TRANSITIONING state
[2026-04-12 14:16:38,983] [[33mWARNING[0m] [logger.py:116] No door detected in TRANSITIONING state
[2026-04-12 14:16:39,036] [[33mWARNING[0m] [logger.py:116] No door detected in TRANSITIONING state
[2026-04-12 14:16:39,092] [[33mWARNING[0m] [logger.py:116] No door detected in TRANSITIONING state
[2026-04-12 14:16:39,147] [[33mWARNING[0m] [logger.py:116] No door detected in TRANSITIONING state
[2026-04-12 14:16:39,200] [[33mWARNING[0m] [logger.py:116] No door detected in TRANSITIONING state
[2026-04-12 14:16:39,253] [[33mWARNING[0m] [logger.py:116] No door detected in TRANSITIONING state
[2026-04-12 14:16:39,343] [[33mWARNING[0m] [logger.py:116] No door detected in TRANSITIONING state
[2026-04-12 14:16:39,395] [[33mWARNING[0m] [logger.py:116] No door detected in TRANSITIONING state
[2026-04-12 14:16:39,451] [[33mWARNING[0m] [logger.py:116] No door detected in TRANSITIONING state
[2026-04-12 14:16:39,504] [[33mWARNING[0m] [logger.py:116] No door detected in TRANSITIONING state
[2026-04-12 14:16:39,564] [[33mWARNING[0m] [logger.py:116] No door detected in TRANSITIONING state
[2026-04-12 14:16:39,618] [[33mWARNING[0m] [logger.py:116] No door detected in TRANSITIONING state
[2026-04-12 14:16:39,706] [[33mWARNING[0m] [logger.py:116] No door detected in TRANSITIONING state
[2026-04-12 14:16:39,764] [[33mWARNING[0m] [logger.py:116] No door detected in TRANSITIONING state
[2026-04-12 14:16:39,818] [[33mWARNING[0m] [logger.py:116] No door detected in TRANSITIONING state
[2026-04-12 14:16:39,872] [[33mWARNING[0m] [logger.py:116] No door detected in TRANSITIONING state
[2026-04-12 14:16:39,931] [[33mWARNING[0m] [logger.py:116] No door detected in TRANSITIONING state
[2026-04-12 14:16:39,985] [[33mWARNING[0m] [logger.py:116] No door detected in TRANSITIONING state
[2026-04-12 14:16:40,069] [[33mWARNING[0m] [logger.py:116] No door detected in TRANSITIONING state
[2026-04-12 14:16:40,124] [[33mWARNING[0m] [logger.py:116] No door detected in TRANSITIONING state
[2026-04-12 14:16:40,184] [[33mWARNING[0m] [logger.py:116] No door detected in TRANSITIONING state
[2026-04-12 14:16:40,237] [[33mWARNING[0m] [logger.py:116] No door detected in TRANSITIONING state
[2026-04-12 14:16:40,292] [[33mWARNING[0m] [logger.py:116] No door detected in TRANSITIONING state
[2026-04-12 14:16:40,347] [[33mWARNING[0m] [logger.py:116] No door detected in TRANSITIONING state
[2026-04-12 14:16:40,440] [[33mWARNING[0m] [logger.py:116] No door detected in TRANSITIONING state
[2026-04-12 14:16:40,494] [[33mWARNING[0m] [logger.py:116] No door detected in TRANSITIONING state
[2026-04-12 14:16:40,546] [[33mWARNING[0m] [logger.py:116] No door detected in TRANSITIONING state
[2026-04-12 14:16:40,603] [[33mWARNING[0m] [logger.py:116] No door detected in TRANSITIONING state
[2026-04-12 14:16:40,659] [[33mWARNING[0m] [logger.py:116] No door detected in TRANSITIONING state
[2026-04-12 14:16:40,711] [[33mWARNING[0m] [logger.py:116] No door detected in TRANSITIONING state
[2026-04-12 14:16:40,796] [[33mWARNING[0m] [logger.py:116] No door detected in TRANSITIONING state
[2026-04-12 14:16:40,851] [[33mWARNING[0m] [logger.py:116] No door detected in TRANSITIONING state
[2026-04-12 14:16:40,909] [[33mWARNING[0m] [logger.py:116] No door detected in TRANSITIONING state
[2026-04-12 14:16:40,968] [[33mWARNING[0m] [logger.py:116] No door detected in TRANSITIONING state
[2026-04-12 14:16:41,023] [[33mWARNING[0m] [logger.py:116] No door detected in TRANSITIONING state
[2026-04-12 14:16:41,084] [[33mWARNING[0m] [logger.py:116] No door detected in TRANSITIONING state
[2026-04-12 14:16:41,178] [[33mWARNING[0m] [logger.py:116] No door detected in TRANSITIONING state
[2026-04-12 14:16:41,234] [[33mWARNING[0m] [logger.py:116] No door detected in TRANSITIONING state
[2026-04-12 14:16:41,293] [[33mWARNING[0m] [logger.py:116] No door detected in TRANSITIONING state
[2026-04-12 14:16:41,348] [[33mWARNING[0m] [logger.py:116] No door detected in TRANSITIONING state
[2026-04-12 14:16:41,404] [[33mWARNING[0m] [logger.py:116] No door detected in TRANSITIONING state
[2026-04-12 14:16:41,466] [[33mWARNING[0m] [logger.py:116] No door detected in TRANSITIONING state
[2026-04-12 14:16:41,560] [[33mWARNING[0m] [logger.py:116] No door detected in TRANSITIONING state
[2026-04-12 14:16:41,619] [[33mWARNING[0m] [logger.py:116] No door detected in TRANSITIONING state
[2026-04-12 14:16:41,674] [[33mWARNING[0m] [logger.py:116] No door detected in TRANSITIONING state
[2026-04-12 14:16:41,737] [[33mWARNING[0m] [logger.py:116] No door detected in TRANSITIONING state
[2026-04-12 14:16:41,791] [[33mWARNING[0m] [logger.py:116] No door detected in TRANSITIONING state
[2026-04-12 14:16:41,844] [[33mWARNING[0m] [logger.py:116] No door detected in TRANSITIONING state
[2026-04-12 14:16:41,930] [[33mWARNING[0m] [logger.py:116] No door detected in TRANSITIONING state
[2026-04-12 14:16:41,985] [[33mWARNING[0m] [logger.py:116] No door detected in TRANSITIONING state
[2026-04-12 14:16:42,040] [[33mWARNING[0m] [logger.py:116] No door detected in TRANSITIONING state
[2026-04-12 14:16:42,094] [[33mWARNING[0m] [logger.py:116] No door detected in TRANSITIONING state
[2026-04-12 14:16:42,149] [[33mWARNING[0m] [logger.py:116] No door detected in TRANSITIONING state
[2026-04-12 14:16:42,206] [[33mWARNING[0m] [logger.py:116] No door detected in TRANSITIONING state
[2026-04-12 14:16:42,289] [[33mWARNING[0m] [logger.py:116] No door detected in TRANSITIONING state
[2026-04-12 14:16:42,349] [[33mWARNING[0m] [logger.py:116] No door detected in TRANSITIONING state
[2026-04-12 14:16:42,407] [[33mWARNING[0m] [logger.py:116] No door detected in TRANSITIONING state
[2026-04-12 14:16:42,459] [[33mWARNING[0m] [logger.py:116] No door detected in TRANSITIONING state
[2026-04-12 14:16:42,514] [[33mWARNING[0m] [logger.py:116] No door detected in TRANSITIONING state
[2026-04-12 14:16:42,568] [[33mWARNING[0m] [logger.py:116] No door detected in TRANSITIONING state
[2026-04-12 14:16:42,652] [[33mWARNING[0m] [logger.py:116] No door detected in TRANSITIONING state
[2026-04-12 14:16:42,705] [[33mWARNING[0m] [logger.py:116] No door detected in TRANSITIONING state
[2026-04-12 14:16:42,770] [[33mWARNING[0m] [logger.py:116] No door detected in TRANSITIONING state
[2026-04-12 14:16:42,835] [[33mWARNING[0m] [logger.py:116] No door detected in TRANSITIONING state
[2026-04-12 14:16:42,893] [[33mWARNING[0m] [logger.py:116] No door detected in TRANSITIONING state
[2026-04-12 14:16:42,946] [[33mWARNING[0m] [logger.py:116] No door detected in TRANSITIONING state
[2026-04-12 14:16:43,035] [[33mWARNING[0m] [logger.py:116] No door detected in TRANSITIONING state
[2026-04-12 14:16:43,089] [[33mWARNING[0m] [logger.py:116] No door detected in TRANSITIONING state
[2026-04-12 14:16:43,145] [[33mWARNING[0m] [logger.py:116] No door detected in TRANSITIONING state
[2026-04-12 14:16:43,210] [[33mWARNING[0m] [logger.py:116] No door detected in TRANSITIONING state
[2026-04-12 14:16:43,270] [[33mWARNING[0m] [logger.py:116] No door detected in TRANSITIONING state
[2026-04-12 14:16:43,323] [[33mWARNING[0m] [logger.py:116] No door detected in TRANSITIONING state
[2026-04-12 14:16:43,416] [[33mWARNING[0m] [logger.py:116] No door detected in TRANSITIONING state
[2026-04-12 14:16:43,474] [[33mWARNING[0m] [logger.py:116] No door detected in TRANSITIONING state
[2026-04-12 14:16:43,524] [[33mWARNING[0m] [logger.py:116] No door detected in TRANSITIONING state
[2026-04-12 14:16:43,579] [[33mWARNING[0m] [logger.py:116] No door detected in TRANSITIONING state
[2026-04-12 14:16:43,636] [[33mWARNING[0m] [logger.py:116] No door detected in TRANSITIONING state
[2026-04-12 14:16:43,697] [[33mWARNING[0m] [logger.py:116] No door detected in TRANSITIONING state
[2026-04-12 14:16:43,781] [[33mWARNING[0m] [logger.py:116] No door detected in TRANSITIONING state
[2026-04-12 14:16:43,836] [[33mWARNING[0m] [logger.py:116] No door detected in TRANSITIONING state
[2026-04-12 14:16:43,890] [[33mWARNING[0m] [logger.py:116] No door detected in TRANSITIONING state
[2026-04-12 14:16:43,947] [[33mWARNING[0m] [logger.py:116] No door detected in TRANSITIONING state
[2026-04-12 14:16:44,000] [[33mWARNING[0m] [logger.py:116] No door detected in TRANSITIONING state
[2026-04-12 14:16:44,059] [[33mWARNING[0m] [logger.py:116] No door detected in TRANSITIONING state
[2026-04-12 14:16:44,149] [[33mWARNING[0m] [logger.py:116] No door detected in TRANSITIONING state
[2026-04-12 14:16:44,204] [[33mWARNING[0m] [logger.py:116] No door detected in TRANSITIONING state
[2026-04-12 14:16:44,257] [[33mWARNING[0m] [logger.py:116] No door detected in TRANSITIONING state
[2026-04-12 14:16:44,319] [[33mWARNING[0m] [logger.py:116] No door detected in TRANSITIONING state
[2026-04-12 14:16:44,376] [[33mWARNING[0m] [logger.py:116] No door detected in TRANSITIONING state
[2026-04-12 14:16:44,427] [[33mWARNING[0m] [logger.py:116] No door detected in TRANSITIONING state
[2026-04-12 14:16:44,516] [[33mWARNING[0m] [logger.py:116] No door detected in TRANSITIONING state
[2026-04-12 14:16:44,576] [[33mWARNING[0m] [logger.py:116] No door detected in TRANSITIONING state
[2026-04-12 14:16:44,627] [[33mWARNING[0m] [logger.py:116] No door detected in TRANSITIONING state
[2026-04-12 14:16:44,684] [[33mWARNING[0m] [logger.py:116] No door detected in TRANSITIONING state
[2026-04-12 14:16:44,740] [[33mWARNING[0m] [logger.py:116] No door detected in TRANSITIONING state
[2026-04-12 14:16:44,797] [[33mWARNING[0m] [logger.py:116] No door detected in TRANSITIONING state
[2026-04-12 14:16:44,892] [[33mWARNING[0m] [logger.py:116] No door detected in TRANSITIONING state
[2026-04-12 14:16:44,945] [[33mWARNING[0m] [logger.py:116] No door detected in TRANSITIONING state
[2026-04-12 14:16:45,001] [[33mWARNING[0m] [logger.py:116] No door detected in TRANSITIONING state
[2026-04-12 14:16:45,059] [[33mWARNING[0m] [logger.py:116] No door detected in TRANSITIONING state
[2026-04-12 14:16:45,114] [[33mWARNING[0m] [logger.py:116] No door detected in TRANSITIONING state
[2026-04-12 14:16:45,168] [[33mWARNING[0m] [logger.py:116] No door detected in TRANSITIONING state
[2026-04-12 14:16:45,261] [[33mWARNING[0m] [logger.py:116] No door detected in TRANSITIONING state
[2026-04-12 14:16:45,313] [[33mWARNING[0m] [logger.py:116] No door detected in TRANSITIONING state
[2026-04-12 14:16:45,369] [[33mWARNING[0m] [logger.py:116] No door detected in TRANSITIONING state
[2026-04-12 14:16:45,428] [[33mWARNING[0m] [logger.py:116] No door detected in TRANSITIONING state
[2026-04-12 14:16:45,488] [[33mWARNING[0m] [logger.py:116] No door detected in TRANSITIONING state
[2026-04-12 14:16:45,541] [[33mWARNING[0m] [logger.py:116] No door detected in TRANSITIONING state
[2026-04-12 14:16:45,627] [[33mWARNING[0m] [logger.py:116] No door detected in TRANSITIONING state
[2026-04-12 14:16:45,690] [[33mWARNING[0m] [logger.py:116] No door detected in TRANSITIONING state
[2026-04-12 14:16:45,744] [[33mWARNING[0m] [logger.py:116] No door detected in TRANSITIONING state
[2026-04-12 14:16:45,798] [[33mWARNING[0m] [logger.py:116] No door detected in TRANSITIONING state
[2026-04-12 14:16:45,856] [[33mWARNING[0m] [logger.py:116] No door detected in TRANSITIONING state
[2026-04-12 14:16:45,920] [[33mWARNING[0m] [logger.py:116] No door detected in TRANSITIONING state
[2026-04-12 14:16:46,006] [[33mWARNING[0m] [logger.py:116] No door detected in TRANSITIONING state
[2026-04-12 14:16:46,060] [[33mWARNING[0m] [logger.py:116] No door detected in TRANSITIONING state
[2026-04-12 14:16:46,120] [[33mWARNING[0m] [logger.py:116] No door detected in TRANSITIONING state
[2026-04-12 14:16:46,179] [[33mWARNING[0m] [logger.py:116] No door detected in TRANSITIONING state
[2026-04-12 14:16:46,236] [[33mWARNING[0m] [logger.py:116] No door detected in TRANSITIONING state
[2026-04-12 14:16:46,294] [[33mWARNING[0m] [logger.py:116] No door detected in TRANSITIONING state
[2026-04-12 14:16:46,385] [[33mWARNING[0m] [logger.py:116] No door detected in TRANSITIONING state
[2026-04-12 14:16:46,438] [[33mWARNING[0m] [logger.py:116] No door detected in TRANSITIONING state
[2026-04-12 14:16:46,493] [[33mWARNING[0m] [logger.py:116] No door detected in TRANSITIONING state
[2026-04-12 14:16:46,552] [[33mWARNING[0m] [logger.py:116] No door detected in TRANSITIONING state
[2026-04-12 14:16:46,608] [[33mWARNING[0m] [logger.py:116] No door detected in TRANSITIONING state
[2026-04-12 14:16:46,663] [[33mWARNING[0m] [logger.py:116] No door detected in TRANSITIONING state
[2026-04-12 14:16:46,748] [[33mWARNING[0m] [logger.py:116] No door detected in TRANSITIONING state
[2026-04-12 14:16:46,805] [[33mWARNING[0m] [logger.py:116] No door detected in TRANSITIONING state
[2026-04-12 14:16:46,858] [[33mWARNING[0m] [logger.py:116] No door detected in TRANSITIONING state
[2026-04-12 14:16:46,914] [[33mWARNING[0m] [logger.py:116] No door detected in TRANSITIONING state
[2026-04-12 14:16:46,973] [[33mWARNING[0m] [logger.py:116] No door detected in TRANSITIONING state
[2026-04-12 14:16:47,038] [[33mWARNING[0m] [logger.py:116] No door detected in TRANSITIONING state
[2026-04-12 14:16:47,138] [[33mWARNING[0m] [logger.py:116] No door detected in TRANSITIONING state
[2026-04-12 14:16:47,203] [[33mWARNING[0m] [logger.py:116] No door detected in TRANSITIONING state
[2026-04-12 14:16:47,272] [[33mWARNING[0m] [logger.py:116] No door detected in TRANSITIONING state
[2026-04-12 14:16:47,336] [[33mWARNING[0m] [logger.py:116] No door detected in TRANSITIONING state
[2026-04-12 14:16:47,394] [[33mWARNING[0m] [logger.py:116] No door detected in TRANSITIONING state
[2026-04-12 14:16:47,505] [[33mWARNING[0m] [logger.py:116] No door detected in TRANSITIONING state
[2026-04-12 14:16:47,566] [[33mWARNING[0m] [logger.py:116] No door detected in TRANSITIONING state
[2026-04-12 14:16:47,629] [[33mWARNING[0m] [logger.py:116] No door detected in TRANSITIONING state
[2026-04-12 14:16:47,700] [[33mWARNING[0m] [logger.py:116] No door detected in TRANSITIONING state
[2026-04-12 14:16:47,763] [[33mWARNING[0m] [logger.py:116] No door detected in TRANSITIONING state
[2026-04-12 14:16:47,857] [[33mWARNING[0m] [logger.py:116] No door detected in TRANSITIONING state
[2026-04-12 14:16:47,922] [[33mWARNING[0m] [logger.py:116] No door detected in TRANSITIONING state
[2026-04-12 14:16:47,987] [[33mWARNING[0m] [logger.py:116] No door detected in TRANSITIONING state
[2026-04-12 14:16:48,045] [[33mWARNING[0m] [logger.py:116] No door detected in TRANSITIONING state
[2026-04-12 14:16:48,107] [[33mWARNING[0m] [logger.py:116] No door detected in TRANSITIONING state
[2026-04-12 14:16:48,204] [[33mWARNING[0m] [logger.py:116] No door detected in TRANSITIONING state
[2026-04-12 14:16:48,265] [[33mWARNING[0m] [logger.py:116] No door detected in TRANSITIONING state
[2026-04-12 14:16:48,332] [[33mWARNING[0m] [logger.py:116] No door detected in TRANSITIONING state
[2026-04-12 14:16:48,393] [[33mWARNING[0m] [logger.py:116] No door detected in TRANSITIONING state
[2026-04-12 14:16:48,456] [[33mWARNING[0m] [logger.py:116] No door detected in TRANSITIONING state
[2026-04-12 14:16:48,550] [[33mWARNING[0m] [logger.py:116] No door detected in TRANSITIONING state
[2026-04-12 14:16:48,611] [[33mWARNING[0m] [logger.py:116] No door detected in TRANSITIONING state
[2026-04-12 14:16:48,672] [[33mWARNING[0m] [logger.py:116] No door detected in TRANSITIONING state
[2026-04-12 14:16:48,733] [[33mWARNING[0m] [logger.py:116] No door detected in TRANSITIONING state
[2026-04-12 14:16:48,791] [[33mWARNING[0m] [logger.py:116] No door detected in TRANSITIONING state
[2026-04-12 14:16:48,886] [[33mWARNING[0m] [logger.py:116] No door detected in TRANSITIONING state
[2026-04-12 14:16:48,951] [[33mWARNING[0m] [logger.py:116] No door detected in TRANSITIONING state
[2026-04-12 14:16:49,014] [[33mWARNING[0m] [logger.py:116] No door detected in TRANSITIONING state
[2026-04-12 14:16:49,074] [[33mWARNING[0m] [logger.py:116] No door detected in TRANSITIONING state
[2026-04-12 14:16:49,137] [[33mWARNING[0m] [logger.py:116] No door detected in TRANSITIONING state
[2026-04-12 14:16:49,229] [[33mWARNING[0m] [logger.py:116] No door detected in TRANSITIONING state
[2026-04-12 14:16:49,290] [[33mWARNING[0m] [logger.py:116] No door detected in TRANSITIONING state
[2026-04-12 14:16:49,355] [[33mWARNING[0m] [logger.py:116] No door detected in TRANSITIONING state
[2026-04-12 14:16:49,420] [[33mWARNING[0m] [logger.py:116] No door detected in TRANSITIONING state
[2026-04-12 14:16:49,484] [[33mWARNING[0m] [logger.py:116] No door detected in TRANSITIONING state
[2026-04-12 14:16:49,606] [[33mWARNING[0m] [logger.py:116] No door detected in TRANSITIONING state
[2026-04-12 14:16:49,670] [[33mWARNING[0m] [logger.py:116] No door detected in TRANSITIONING state
[2026-04-12 14:16:49,735] [[33mWARNING[0m] [logger.py:116] No door detected in TRANSITIONING state
[2026-04-12 14:16:49,795] [[33mWARNING[0m] [logger.py:116] No door detected in TRANSITIONING state
[2026-04-12 14:16:49,861] [[33mWARNING[0m] [logger.py:116] No door detected in TRANSITIONING state
[2026-04-12 14:16:49,959] [[33mWARNING[0m] [logger.py:116] No door detected in TRANSITIONING state
[2026-04-12 14:16:50,026] [[33mWARNING[0m] [logger.py:116] No door detected in TRANSITIONING state
[2026-04-12 14:16:50,089] [[33mWARNING[0m] [logger.py:116] No door detected in TRANSITIONING state
[2026-04-12 14:16:50,153] [[33mWARNING[0m] [logger.py:116] No door detected in TRANSITIONING state
[2026-04-12 14:16:50,216] [[33mWARNING[0m] [logger.py:116] No door detected in TRANSITIONING state
[2026-04-12 14:16:50,318] [[33mWARNING[0m] [logger.py:116] No door detected in TRANSITIONING state
[2026-04-12 14:16:50,377] [[33mWARNING[0m] [logger.py:116] No door detected in TRANSITIONING state
[2026-04-12 14:16:50,440] [[33mWARNING[0m] [logger.py:116] No door detected in TRANSITIONING state
[2026-04-12 14:16:50,507] [[33mWARNING[0m] [logger.py:116] No door detected in TRANSITIONING state
[2026-04-12 14:16:50,571] [[33mWARNING[0m] [logger.py:116] No door detected in TRANSITIONING state
[2026-04-12 14:16:50,670] [[33mWARNING[0m] [logger.py:116] No door detected in TRANSITIONING state
[2026-04-12 14:16:50,734] [[33mWARNING[0m] [logger.py:116] No door detected in TRANSITIONING state
[2026-04-12 14:16:50,792] [[33mWARNING[0m] [logger.py:116] No door detected in TRANSITIONING state
[2026-04-12 14:16:50,849] [[33mWARNING[0m] [logger.py:116] No door detected in TRANSITIONING state
[2026-04-12 14:16:50,913] [[33mWARNING[0m] [logger.py:116] No door detected in TRANSITIONING state
[2026-04-12 14:16:51,013] [[33mWARNING[0m] [logger.py:116] No door detected in TRANSITIONING state
[2026-04-12 14:16:51,076] [[33mWARNING[0m] [logger.py:116] No door detected in TRANSITIONING state
[2026-04-12 14:16:51,137] [[33mWARNING[0m] [logger.py:116] No door detected in TRANSITIONING state
[2026-04-12 14:16:51,204] [[33mWARNING[0m] [logger.py:116] No door detected in TRANSITIONING state
[2026-04-12 14:16:51,262] [[33mWARNING[0m] [logger.py:116] No door detected in TRANSITIONING state
[2026-04-12 14:16:51,362] [[33mWARNING[0m] [logger.py:116] No door detected in TRANSITIONING state
[2026-04-12 14:16:51,425] [[33mWARNING[0m] [logger.py:116] No door detected in TRANSITIONING state
[2026-04-12 14:16:51,483] [[33mWARNING[0m] [logger.py:116] No door detected in TRANSITIONING state
[2026-04-12 14:16:51,539] [[33mWARNING[0m] [logger.py:116] No door detected in TRANSITIONING state
[2026-04-12 14:16:51,601] [[33mWARNING[0m] [logger.py:116] No door detected in TRANSITIONING state
[2026-04-12 14:16:51,700] [[33mWARNING[0m] [logger.py:116] No door detected in TRANSITIONING state
[2026-04-12 14:16:51,757] [[33mWARNING[0m] [logger.py:116] No door detected in TRANSITIONING state
[2026-04-12 14:16:51,815] [[33mWARNING[0m] [logger.py:116] No door detected in TRANSITIONING state
[2026-04-12 14:16:51,876] [[33mWARNING[0m] [logger.py:116] No door detected in TRANSITIONING state
[2026-04-12 14:16:51,946] [[33mWARNING[0m] [logger.py:116] No door detected in TRANSITIONING state
[2026-04-12 14:16:52,061] [[33mWARNING[0m] [logger.py:116] No door detected in TRANSITIONING state
[2026-04-12 14:16:52,132] [[33mWARNING[0m] [logger.py:116] No door detected in TRANSITIONING state
[2026-04-12 14:16:52,193] [[33mWARNING[0m] [logger.py:116] No door detected in TRANSITIONING state
[2026-04-12 14:16:52,255] [[33mWARNING[0m] [logger.py:116] No door detected in TRANSITIONING state
[2026-04-12 14:16:52,317] [[33mWARNING[0m] [logger.py:116] No door detected in TRANSITIONING state
[2026-04-12 14:16:52,410] [[33mWARNING[0m] [logger.py:116] No door detected in TRANSITIONING state
[2026-04-12 14:16:52,470] [[33mWARNING[0m] [logger.py:116] No door detected in TRANSITIONING state
[2026-04-12 14:16:52,533] [[33mWARNING[0m] [logger.py:116] No door detected in TRANSITIONING state
[2026-04-12 14:16:52,593] [[33mWARNING[0m] [logger.py:116] No door detected in TRANSITIONING state
[2026-04-12 14:16:52,648] [[33mWARNING[0m] [logger.py:116] No door detected in TRANSITIONING state
[2026-04-12 14:16:52,712] [[33mWARNING[0m] [logger.py:116] No door detected in TRANSITIONING state
[2026-04-12 14:16:52,808] [[33mWARNING[0m] [logger.py:116] No door detected in TRANSITIONING state
[2026-04-12 14:16:52,866] [[33mWARNING[0m] [logger.py:116] No door detected in TRANSITIONING state
[2026-04-12 14:16:52,929] [[33mWARNING[0m] [logger.py:116] No door detected in TRANSITIONING state
[2026-04-12 14:16:52,994] [[33mWARNING[0m] [logger.py:116] No door detected in TRANSITIONING state
[2026-04-12 14:16:53,056] [[33mWARNING[0m] [logger.py:116] No door detected in TRANSITIONING state
[2026-04-12 14:16:53,148] [[33mWARNING[0m] [logger.py:116] No door detected in TRANSITIONING state
[2026-04-12 14:16:53,209] [[33mWARNING[0m] [logger.py:116] No door detected in TRANSITIONING state
[2026-04-12 14:16:53,272] [[33mWARNING[0m] [logger.py:116] No door detected in TRANSITIONING state
[2026-04-12 14:16:53,329] [[33mWARNING[0m] [logger.py:116] No door detected in TRANSITIONING state
[2026-04-12 14:16:53,390] [[33mWARNING[0m] [logger.py:116] No door detected in TRANSITIONING state
[2026-04-12 14:16:53,486] [[33mWARNING[0m] [logger.py:116] No door detected in TRANSITIONING state
[2026-04-12 14:16:53,546] [[33mWARNING[0m] [logger.py:116] No door detected in TRANSITIONING state
[2026-04-12 14:16:53,610] [[33mWARNING[0m] [logger.py:116] No door detected in TRANSITIONING state
[2026-04-12 14:16:53,674] [[33mWARNING[0m] [logger.py:116] No door detected in TRANSITIONING state
[2026-04-12 14:16:53,730] [[33mWARNING[0m] [logger.py:116] No door detected in TRANSITIONING state
[2026-04-12 14:16:53,835] [[33mWARNING[0m] [logger.py:116] No door detected in TRANSITIONING state
[2026-04-12 14:16:53,896] [[33mWARNING[0m] [logger.py:116] No door detected in TRANSITIONING state
[2026-04-12 14:16:53,954] [[33mWARNING[0m] [logger.py:116] No door detected in TRANSITIONING state
[2026-04-12 14:16:54,015] [[33mWARNING[0m] [logger.py:116] No door detected in TRANSITIONING state
[2026-04-12 14:16:54,078] [[33mWARNING[0m] [logger.py:116] No door detected in TRANSITIONING state
[2026-04-12 14:16:54,172] [[33mWARNING[0m] [logger.py:116] No door detected in TRANSITIONING state
[2026-04-12 14:16:54,238] [[33mWARNING[0m] [logger.py:116] No door detected in TRANSITIONING state
[2026-04-12 14:16:54,301] [[33mWARNING[0m] [logger.py:116] No door detected in TRANSITIONING state
[2026-04-12 14:16:54,365] [[33mWARNING[0m] [logger.py:116] No door detected in TRANSITIONING state
[2026-04-12 14:16:54,425] [[33mWARNING[0m] [logger.py:116] No door detected in TRANSITIONING state
[2026-04-12 14:16:54,523] [[33mWARNING[0m] [logger.py:116] No door detected in TRANSITIONING state
[2026-04-12 14:16:54,581] [[33mWARNING[0m] [logger.py:116] No door detected in TRANSITIONING state
[2026-04-12 14:16:54,641] [[33mWARNING[0m] [logger.py:116] No door detected in TRANSITIONING state
[2026-04-12 14:16:54,705] [[33mWARNING[0m] [logger.py:116] No door detected in TRANSITIONING state
[2026-04-12 14:16:54,765] [[33mWARNING[0m] [logger.py:116] No door detected in TRANSITIONING state
[2026-04-12 14:16:54,862] [[33mWARNING[0m] [logger.py:116] No door detected in TRANSITIONING state
[2026-04-12 14:16:54,923] [[33mWARNING[0m] [logger.py:116] No door detected in TRANSITIONING state
[2026-04-12 14:16:54,992] [[33mWARNING[0m] [logger.py:116] No door detected in TRANSITIONING state
[2026-04-12 14:16:55,057] [[33mWARNING[0m] [logger.py:116] No door detected in TRANSITIONING state
[2026-04-12 14:16:55,116] [[33mWARNING[0m] [logger.py:116] No door detected in TRANSITIONING state
[2026-04-12 14:16:55,216] [[33mWARNING[0m] [logger.py:116] No door detected in TRANSITIONING state
[2026-04-12 14:16:55,277] [[33mWARNING[0m] [logger.py:116] No door detected in TRANSITIONING state
[2026-04-12 14:16:55,335] [[33mWARNING[0m] [logger.py:116] No door detected in TRANSITIONING state
[2026-04-12 14:16:55,390] [[33mWARNING[0m] [logger.py:116] No door detected in TRANSITIONING state
[2026-04-12 14:16:55,449] [[33mWARNING[0m] [logger.py:116] No door detected in TRANSITIONING state
[2026-04-12 14:16:55,505] [[33mWARNING[0m] [logger.py:116] No door detected in TRANSITIONING state
[2026-04-12 14:16:55,591] [[33mWARNING[0m] [logger.py:116] No door detected in TRANSITIONING state
[2026-04-12 14:16:55,652] [[33mWARNING[0m] [logger.py:116] No door detected in TRANSITIONING state
[2026-04-12 14:16:55,716] [[33mWARNING[0m] [logger.py:116] No door detected in TRANSITIONING state
[2026-04-12 14:16:55,777] [[33mWARNING[0m] [logger.py:116] No door detected in TRANSITIONING state
[2026-04-12 14:16:55,845] [[33mWARNING[0m] [logger.py:116] No door detected in TRANSITIONING state
[2026-04-12 14:16:55,946] [[33mWARNING[0m] [logger.py:116] No door detected in TRANSITIONING state
[2026-04-12 14:16:56,023] [[33mWARNING[0m] [logger.py:116] No door detected in TRANSITIONING state
[2026-04-12 14:16:56,086] [[33mWARNING[0m] [logger.py:116] No door detected in TRANSITIONING state
[2026-04-12 14:16:56,146] [[33mWARNING[0m] [logger.py:116] No door detected in TRANSITIONING state
[2026-04-12 14:16:56,205] [[33mWARNING[0m] [logger.py:116] No door detected in TRANSITIONING state
[2026-04-12 14:16:56,308] [[33mWARNING[0m] [logger.py:116] No door detected in TRANSITIONING state
[2026-04-12 14:16:56,371] [[33mWARNING[0m] [logger.py:116] No door detected in TRANSITIONING state
[2026-04-12 14:16:56,432] [[33mWARNING[0m] [logger.py:116] No door detected in TRANSITIONING state
[2026-04-12 14:16:56,494] [[33mWARNING[0m] [logger.py:116] No door detected in TRANSITIONING state
[2026-04-12 14:16:56,557] [[33mWARNING[0m] [logger.py:116] No door detected in TRANSITIONING state
[2026-04-12 14:16:56,655] [[33mWARNING[0m] [logger.py:116] No door detected in TRANSITIONING state
[2026-04-12 14:16:56,719] [[33mWARNING[0m] [logger.py:116] No door detected in TRANSITIONING state
[2026-04-12 14:16:56,781] [[33mWARNING[0m] [logger.py:116] No door detected in TRANSITIONING state
[2026-04-12 14:16:56,843] [[33mWARNING[0m] [logger.py:116] No door detected in TRANSITIONING state
[2026-04-12 14:16:56,903] [[33mWARNING[0m] [logger.py:116] No door detected in TRANSITIONING state
[2026-04-12 14:16:56,998] [[33mWARNING[0m] [logger.py:116] No door detected in TRANSITIONING state
[2026-04-12 14:16:57,059] [[33mWARNING[0m] [logger.py:116] No door detected in TRANSITIONING state
[2026-04-12 14:16:57,116] [[33mWARNING[0m] [logger.py:116] No door detected in TRANSITIONING state
[2026-04-12 14:16:57,175] [[33mWARNING[0m] [logger.py:116] No door detected in TRANSITIONING state
[2026-04-12 14:16:57,237] [[33mWARNING[0m] [logger.py:116] No door detected in TRANSITIONING state
[2026-04-12 14:16:57,331] [[33mWARNING[0m] [logger.py:116] No door detected in TRANSITIONING state
[2026-04-12 14:16:57,391] [[33mWARNING[0m] [logger.py:116] No door detected in TRANSITIONING state
[2026-04-12 14:16:57,456] [[33mWARNING[0m] [logger.py:116] No door detected in TRANSITIONING state
[2026-04-12 14:16:57,514] [[33mWARNING[0m] [logger.py:116] No door detected in TRANSITIONING state
[2026-04-12 14:16:57,573] [[33mWARNING[0m] [logger.py:116] No door detected in TRANSITIONING state
[2026-04-12 14:16:57,672] [[33mWARNING[0m] [logger.py:116] No door detected in TRANSITIONING state
[2026-04-12 14:16:57,730] [[33mWARNING[0m] [logger.py:116] No door detected in TRANSITIONING state
[2026-04-12 14:16:57,788] [[33mWARNING[0m] [logger.py:116] No door detected in TRANSITIONING state
[2026-04-12 14:16:57,848] [[33mWARNING[0m] [logger.py:116] No door detected in TRANSITIONING state
[2026-04-12 14:16:57,914] [[33mWARNING[0m] [logger.py:116] No door detected in TRANSITIONING state
[2026-04-12 14:16:58,008] [[33mWARNING[0m] [logger.py:116] No door detected in TRANSITIONING state
[2026-04-12 14:16:58,069] [[33mWARNING[0m] [logger.py:116] No door detected in TRANSITIONING state
[2026-04-12 14:16:58,135] [[33mWARNING[0m] [logger.py:116] No door detected in TRANSITIONING state
[2026-04-12 14:16:58,193] [[33mWARNING[0m] [logger.py:116] No door detected in TRANSITIONING state
[2026-04-12 14:16:58,254] [[33mWARNING[0m] [logger.py:116] No door detected in TRANSITIONING state
[2026-04-12 14:16:58,355] [[33mWARNING[0m] [logger.py:116] No door detected in TRANSITIONING state
[2026-04-12 14:16:58,416] [[33mWARNING[0m] [logger.py:116] No door detected in TRANSITIONING state
[2026-04-12 14:16:58,477] [[33mWARNING[0m] [logger.py:116] No door detected in TRANSITIONING state
[2026-04-12 14:16:58,538] [[33mWARNING[0m] [logger.py:116] No door detected in TRANSITIONING state
[2026-04-12 14:16:58,598] [[33mWARNING[0m] [logger.py:116] No door detected in TRANSITIONING state
[2026-04-12 14:16:58,694] [[33mWARNING[0m] [logger.py:116] No door detected in TRANSITIONING state
[2026-04-12 14:16:58,752] [[33mWARNING[0m] [logger.py:116] No door detected in TRANSITIONING state
[2026-04-12 14:16:58,814] [[33mWARNING[0m] [logger.py:116] No door detected in TRANSITIONING state
[2026-04-12 14:16:58,873] [[33mWARNING[0m] [logger.py:116] No door detected in TRANSITIONING state
[2026-04-12 14:16:58,929] [[33mWARNING[0m] [logger.py:116] No door detected in TRANSITIONING state
[2026-04-12 14:16:58,991] [[33mWARNING[0m] [logger.py:116] No door detected in TRANSITIONING state
[2026-04-12 14:16:59,089] [[33mWARNING[0m] [logger.py:116] No door detected in TRANSITIONING state
[2026-04-12 14:16:59,147] [[33mWARNING[0m] [logger.py:116] No door detected in TRANSITIONING state
[2026-04-12 14:16:59,207] [[33mWARNING[0m] [logger.py:116] No door detected in TRANSITIONING state
[2026-04-12 14:16:59,270] [[33mWARNING[0m] [logger.py:116] No door detected in TRANSITIONING state
[2026-04-12 14:16:59,336] [[33mWARNING[0m] [logger.py:116] No door detected in TRANSITIONING state
[2026-04-12 14:16:59,431] [[33mWARNING[0m] [logger.py:116] No door detected in TRANSITIONING state
[2026-04-12 14:16:59,493] [[33mWARNING[0m] [logger.py:116] No door detected in TRANSITIONING state
[2026-04-12 14:16:59,551] [[33mWARNING[0m] [logger.py:116] No door detected in TRANSITIONING state
[2026-04-12 14:16:59,603] [[33mWARNING[0m] [logger.py:116] No door detected in TRANSITIONING state
[2026-04-12 14:16:59,663] [[33mWARNING[0m] [logger.py:116] No door detected in TRANSITIONING state
[2026-04-12 14:16:59,725] [[33mWARNING[0m] [logger.py:116] No door detected in TRANSITIONING state
[2026-04-12 14:16:59,814] [[33mWARNING[0m] [logger.py:116] No door detected in TRANSITIONING state
[2026-04-12 14:16:59,868] [[33mWARNING[0m] [logger.py:116] No door detected in TRANSITIONING state
[2026-04-12 14:16:59,929] [[33mWARNING[0m] [logger.py:116] No door detected in TRANSITIONING state
[2026-04-12 14:16:59,987] [[33mWARNING[0m] [logger.py:116] No door detected in TRANSITIONING state
[2026-04-12 14:17:00,046] [[33mWARNING[0m] [logger.py:116] No door detected in TRANSITIONING state
[2026-04-12 14:17:00,107] [[33mWARNING[0m] [logger.py:116] No door detected in TRANSITIONING state
[2026-04-12 14:17:00,201] [[33mWARNING[0m] [logger.py:116] No door detected in TRANSITIONING state
[2026-04-12 14:17:00,258] [[33mWARNING[0m] [logger.py:116] No door detected in TRANSITIONING state
[2026-04-12 14:17:00,325] [[33mWARNING[0m] [logger.py:116] No door detected in TRANSITIONING state
[2026-04-12 14:17:00,386] [[33mWARNING[0m] [logger.py:116] No door detected in TRANSITIONING state
[2026-04-12 14:17:00,445] [[33mWARNING[0m] [logger.py:116] No door detected in TRANSITIONING state
[2026-04-12 14:17:00,539] [[33mWARNING[0m] [logger.py:116] No door detected in TRANSITIONING state
[2026-04-12 14:17:00,603] [[33mWARNING[0m] [logger.py:116] No door detected in TRANSITIONING state
[2026-04-12 14:17:00,666] [[33mWARNING[0m] [logger.py:116] No door detected in TRANSITIONING state
[2026-04-12 14:17:00,727] [[33mWARNING[0m] [logger.py:116] No door detected in TRANSITIONING state
[2026-04-12 14:17:00,793] [[33mWARNING[0m] [logger.py:116] No door detected in TRANSITIONING state
[2026-04-12 14:17:00,894] [[33mWARNING[0m] [logger.py:116] No door detected in TRANSITIONING state
[2026-04-12 14:17:00,953] [[33mWARNING[0m] [logger.py:116] No door detected in TRANSITIONING state
[2026-04-12 14:17:01,018] [[33mWARNING[0m] [logger.py:116] No door detected in TRANSITIONING state
[2026-04-12 14:17:01,078] [[33mWARNING[0m] [logger.py:116] No door detected in TRANSITIONING state
[2026-04-12 14:17:01,141] [[33mWARNING[0m] [logger.py:116] No door detected in TRANSITIONING state
[2026-04-12 14:17:01,242] [[33mWARNING[0m] [logger.py:116] No door detected in TRANSITIONING state
[2026-04-12 14:17:01,301] [[33mWARNING[0m] [logger.py:116] No door detected in TRANSITIONING state
[2026-04-12 14:17:01,364] [[33mWARNING[0m] [logger.py:116] No door detected in TRANSITIONING state
[2026-04-12 14:17:01,424] [[33mWARNING[0m] [logger.py:116] No door detected in TRANSITIONING state
[2026-04-12 14:17:01,490] [[33mWARNING[0m] [logger.py:116] No door detected in TRANSITIONING state
[2026-04-12 14:17:01,587] [[33mWARNING[0m] [logger.py:116] No door detected in TRANSITIONING state
[2026-04-12 14:17:01,650] [[33mWARNING[0m] [logger.py:116] No door detected in TRANSITIONING state
[2026-04-12 14:17:01,712] [[33mWARNING[0m] [logger.py:116] No door detected in TRANSITIONING state
[2026-04-12 14:17:01,773] [[33mWARNING[0m] [logger.py:116] No door detected in TRANSITIONING state
[2026-04-12 14:17:01,832] [[33mWARNING[0m] [logger.py:116] No door detected in TRANSITIONING state
[2026-04-12 14:17:01,934] [[33mWARNING[0m] [logger.py:116] No door detected in TRANSITIONING state
[2026-04-12 14:17:01,992] [[33mWARNING[0m] [logger.py:116] No door detected in TRANSITIONING state
[2026-04-12 14:17:02,054] [[33mWARNING[0m] [logger.py:116] No door detected in TRANSITIONING state
[2026-04-12 14:17:02,112] [[33mWARNING[0m] [logger.py:116] No door detected in TRANSITIONING state
[2026-04-12 14:17:02,175] [[33mWARNING[0m] [logger.py:116] No door detected in TRANSITIONING state
[2026-04-12 14:17:02,268] [[33mWARNING[0m] [logger.py:116] No door detected in TRANSITIONING state
[2026-04-12 14:17:02,328] [[33mWARNING[0m] [logger.py:116] No door detected in TRANSITIONING state
[2026-04-12 14:17:02,392] [[33mWARNING[0m] [logger.py:116] No door detected in TRANSITIONING state
[2026-04-12 14:17:02,452] [[33mWARNING[0m] [logger.py:116] No door detected in TRANSITIONING state
[2026-04-12 14:17:02,516] [[33mWARNING[0m] [logger.py:116] No door detected in TRANSITIONING state
[2026-04-12 14:17:02,610] [[33mWARNING[0m] [logger.py:116] No door detected in TRANSITIONING state
[2026-04-12 14:17:02,670] [[33mWARNING[0m] [logger.py:116] No door detected in TRANSITIONING state
[2026-04-12 14:17:02,731] [[33mWARNING[0m] [logger.py:116] No door detected in TRANSITIONING state
[2026-04-12 14:17:02,792] [[33mWARNING[0m] [logger.py:116] No door detected in TRANSITIONING state
[2026-04-12 14:17:02,855] [[33mWARNING[0m] [logger.py:116] No door detected in TRANSITIONING state
[2026-04-12 14:17:02,955] [[33mWARNING[0m] [logger.py:116] No door detected in TRANSITIONING state
[2026-04-12 14:17:03,021] [[33mWARNING[0m] [logger.py:116] No door detected in TRANSITIONING state
[2026-04-12 14:17:03,086] [[33mWARNING[0m] [logger.py:116] No door detected in TRANSITIONING state
[2026-04-12 14:17:03,148] [[33mWARNING[0m] [logger.py:116] No door detected in TRANSITIONING state
[2026-04-12 14:17:03,206] [[33mWARNING[0m] [logger.py:116] No door detected in TRANSITIONING state
[2026-04-12 14:17:03,307] [[33mWARNING[0m] [logger.py:116] No door detected in TRANSITIONING state
[2026-04-12 14:17:03,369] [[33mWARNING[0m] [logger.py:116] No door detected in TRANSITIONING state
[2026-04-12 14:17:03,434] [[33mWARNING[0m] [logger.py:116] No door detected in TRANSITIONING state
[2026-04-12 14:17:03,496] [[33mWARNING[0m] [logger.py:116] No door detected in TRANSITIONING state
[2026-04-12 14:17:03,560] [[33mWARNING[0m] [logger.py:116] No door detected in TRANSITIONING state
[2026-04-12 14:17:03,653] [[33mWARNING[0m] [logger.py:116] No door detected in TRANSITIONING state
[2026-04-12 14:17:03,716] [[33mWARNING[0m] [logger.py:116] No door detected in TRANSITIONING state
[2026-04-12 14:17:03,782] [[33mWARNING[0m] [logger.py:116] No door detected in TRANSITIONING state
[2026-04-12 14:17:03,843] [[33mWARNING[0m] [logger.py:116] No door detected in TRANSITIONING state
[2026-04-12 14:17:03,901] [[33mWARNING[0m] [logger.py:116] No door detected in TRANSITIONING state
[2026-04-12 14:17:03,993] [[33mWARNING[0m] [logger.py:116] No door detected in TRANSITIONING state
[2026-04-12 14:17:04,054] [[33mWARNING[0m] [logger.py:116] No door detected in TRANSITIONING state
[2026-04-12 14:17:04,115] [[33mWARNING[0m] [logger.py:116] No door detected in TRANSITIONING state
[2026-04-12 14:17:04,179] [[33mWARNING[0m] [logger.py:116] No door detected in TRANSITIONING state
[2026-04-12 14:17:04,240] [[33mWARNING[0m] [logger.py:116] No door detected in TRANSITIONING state
[2026-04-12 14:17:04,333] [[33mWARNING[0m] [logger.py:116] No door detected in TRANSITIONING state
[2026-04-12 14:17:04,395] [[33mWARNING[0m] [logger.py:116] No door detected in TRANSITIONING state
[2026-04-12 14:17:04,459] [[33mWARNING[0m] [logger.py:116] No door detected in TRANSITIONING state
[2026-04-12 14:17:04,518] [[33mWARNING[0m] [logger.py:116] No door detected in TRANSITIONING state
[2026-04-12 14:17:04,578] [[33mWARNING[0m] [logger.py:116] No door detected in TRANSITIONING state
[2026-04-12 14:17:04,682] [[33mWARNING[0m] [logger.py:116] No door detected in TRANSITIONING state
[2026-04-12 14:17:04,746] [[33mWARNING[0m] [logger.py:116] No door detected in TRANSITIONING state
[2026-04-12 14:17:04,806] [[33mWARNING[0m] [logger.py:116] No door detected in TRANSITIONING state
[2026-04-12 14:17:04,868] [[33mWARNING[0m] [logger.py:116] No door detected in TRANSITIONING state
[2026-04-12 14:17:04,930] [[33mWARNING[0m] [logger.py:116] No door detected in TRANSITIONING state
[2026-04-12 14:17:05,029] [[33mWARNING[0m] [logger.py:116] No door detected in TRANSITIONING state
[2026-04-12 14:17:05,091] [[33mWARNING[0m] [logger.py:116] No door detected in TRANSITIONING state
[2026-04-12 14:17:05,162] [[33mWARNING[0m] [logger.py:116] No door detected in TRANSITIONING state
[2026-04-12 14:17:05,225] [[33mWARNING[0m] [logger.py:116] No door detected in TRANSITIONING state
[2026-04-12 14:17:05,288] [[33mWARNING[0m] [logger.py:116] No door detected in TRANSITIONING state
[2026-04-12 14:17:05,383] [[33mWARNING[0m] [logger.py:116] No door detected in TRANSITIONING state
[2026-04-12 14:17:05,447] [[33mWARNING[0m] [logger.py:116] No door detected in TRANSITIONING state
[2026-04-12 14:17:05,508] [[33mWARNING[0m] [logger.py:116] No door detected in TRANSITIONING state
[2026-04-12 14:17:05,570] [[33mWARNING[0m] [logger.py:116] No door detected in TRANSITIONING state
[2026-04-12 14:17:05,639] [[33mWARNING[0m] [logger.py:116] No door detected in TRANSITIONING state
[2026-04-12 14:17:05,736] [[33mWARNING[0m] [logger.py:116] No door detected in TRANSITIONING state
[2026-04-12 14:17:05,794] [[33mWARNING[0m] [logger.py:116] No door detected in TRANSITIONING state
[2026-04-12 14:17:05,858] [[33mWARNING[0m] [logger.py:116] No door detected in TRANSITIONING state
[2026-04-12 14:17:05,922] [[33mWARNING[0m] [logger.py:116] No door detected in TRANSITIONING state
[2026-04-12 14:17:05,979] [[33mWARNING[0m] [logger.py:116] No door detected in TRANSITIONING state
[2026-04-12 14:17:06,077] [[33mWARNING[0m] [logger.py:116] No door detected in TRANSITIONING state
[2026-04-12 14:17:06,138] [[33mWARNING[0m] [logger.py:116] No door detected in TRANSITIONING state
[2026-04-12 14:17:06,195] [[33mWARNING[0m] [logger.py:116] No door detected in TRANSITIONING state
[2026-04-12 14:17:06,256] [[33mWARNING[0m] [logger.py:116] No door detected in TRANSITIONING state
[2026-04-12 14:17:06,319] [[33mWARNING[0m] [logger.py:116] No door detected in TRANSITIONING state
[2026-04-12 14:17:06,415] [[33mWARNING[0m] [logger.py:116] No door detected in TRANSITIONING state
[2026-04-12 14:17:06,478] [[33mWARNING[0m] [logger.py:116] No door detected in TRANSITIONING state
[2026-04-12 14:17:06,543] [[33mWARNING[0m] [logger.py:116] No door detected in TRANSITIONING state
[2026-04-12 14:17:06,603] [[33mWARNING[0m] [logger.py:116] No door detected in TRANSITIONING state
[2026-04-12 14:17:06,662] [[33mWARNING[0m] [logger.py:116] No door detected in TRANSITIONING state
[2026-04-12 14:17:06,759] [[33mWARNING[0m] [logger.py:116] No door detected in TRANSITIONING state
[2026-04-12 14:17:06,822] [[33mWARNING[0m] [logger.py:116] No door detected in TRANSITIONING state
[2026-04-12 14:17:06,881] [[33mWARNING[0m] [logger.py:116] No door detected in TRANSITIONING state
[2026-04-12 14:17:06,954] [[33mWARNING[0m] [logger.py:116] No door detected in TRANSITIONING state
[2026-04-12 14:17:07,031] [[33mWARNING[0m] [logger.py:116] No door detected in TRANSITIONING state
[2026-04-12 14:17:07,136] [[33mWARNING[0m] [logger.py:116] No door detected in TRANSITIONING state
[2026-04-12 14:17:07,213] [[33mWARNING[0m] [logger.py:116] No door detected in TRANSITIONING state
[2026-04-12 14:17:07,289] [[33mWARNING[0m] [logger.py:116] No door detected in TRANSITIONING state
[2026-04-12 14:17:07,366] [[33mWARNING[0m] [logger.py:116] No door detected in TRANSITIONING state
[2026-04-12 14:17:07,468] [[33mWARNING[0m] [logger.py:116] No door detected in TRANSITIONING state
[2026-04-12 14:17:07,527] [[33mWARNING[0m] [logger.py:116] No door detected in TRANSITIONING state
[2026-04-12 14:17:07,589] [[33mWARNING[0m] [logger.py:116] No door detected in TRANSITIONING state
[2026-04-12 14:17:07,652] [[33mWARNING[0m] [logger.py:116] No door detected in TRANSITIONING state
[2026-04-12 14:17:07,727] [[33mWARNING[0m] [logger.py:116] No door detected in TRANSITIONING state
[2026-04-12 14:17:07,817] [[33mWARNING[0m] [logger.py:116] No door detected in TRANSITIONING state
[2026-04-12 14:17:07,881] [[33mWARNING[0m] [logger.py:116] No door detected in TRANSITIONING state
[2026-04-12 14:17:07,943] [[33mWARNING[0m] [logger.py:116] No door detected in TRANSITIONING state
[2026-04-12 14:17:08,002] [[33mWARNING[0m] [logger.py:116] No door detected in TRANSITIONING state
[2026-04-12 14:17:08,060] [[33mWARNING[0m] [logger.py:116] No door detected in TRANSITIONING state
[2026-04-12 14:17:08,122] [[33mWARNING[0m] [logger.py:116] No door detected in TRANSITIONING state
[2026-04-12 14:17:08,217] [[33mWARNING[0m] [logger.py:116] No door detected in TRANSITIONING state
[2026-04-12 14:17:08,275] [[33mWARNING[0m] [logger.py:116] No door detected in TRANSITIONING state
[2026-04-12 14:17:08,339] [[33mWARNING[0m] [logger.py:116] No door detected in TRANSITIONING state
[2026-04-12 14:17:08,404] [[33mWARNING[0m] [logger.py:116] No door detected in TRANSITIONING state
[2026-04-12 14:17:08,465] [[33mWARNING[0m] [logger.py:116] No door detected in TRANSITIONING state
[2026-04-12 14:17:08,568] [[33mWARNING[0m] [logger.py:116] No door detected in TRANSITIONING state
[2026-04-12 14:17:08,630] [[33mWARNING[0m] [logger.py:116] No door detected in TRANSITIONING state
[2026-04-12 14:17:08,692] [[33mWARNING[0m] [logger.py:116] No door detected in TRANSITIONING state
[2026-04-12 14:17:08,757] [[33mWARNING[0m] [logger.py:116] No door detected in TRANSITIONING state
[2026-04-12 14:17:08,818] [[33mWARNING[0m] [logger.py:116] No door detected in TRANSITIONING state
[2026-04-12 14:17:08,912] [[33mWARNING[0m] [logger.py:116] No door detected in TRANSITIONING state
[2026-04-12 14:17:08,974] [[33mWARNING[0m] [logger.py:116] No door detected in TRANSITIONING state
[2026-04-12 14:17:09,043] [[33mWARNING[0m] [logger.py:116] No door detected in TRANSITIONING state
[2026-04-12 14:17:09,105] [[33mWARNING[0m] [logger.py:116] No door detected in TRANSITIONING state
[2026-04-12 14:17:09,165] [[33mWARNING[0m] [logger.py:116] No door detected in TRANSITIONING state
[2026-04-12 14:17:09,261] [[33mWARNING[0m] [logger.py:116] No door detected in TRANSITIONING state
[2026-04-12 14:17:09,323] [[33mWARNING[0m] [logger.py:116] No door detected in TRANSITIONING state
[2026-04-12 14:17:09,385] [[33mWARNING[0m] [logger.py:116] No door detected in TRANSITIONING state
[2026-04-12 14:17:09,447] [[33mWARNING[0m] [logger.py:116] No door detected in TRANSITIONING state
[2026-04-12 14:17:09,508] [[33mWARNING[0m] [logger.py:116] No door detected in TRANSITIONING state
[2026-04-12 14:17:09,598] [[33mWARNING[0m] [logger.py:116] No door detected in TRANSITIONING state
[2026-04-12 14:17:09,660] [[33mWARNING[0m] [logger.py:116] No door detected in TRANSITIONING state
[2026-04-12 14:17:09,723] [[33mWARNING[0m] [logger.py:116] No door detected in TRANSITIONING state
[2026-04-12 14:17:09,786] [[33mWARNING[0m] [logger.py:116] No door detected in TRANSITIONING state
[2026-04-12 14:17:09,849] [[33mWARNING[0m] [logger.py:116] No door detected in TRANSITIONING state
[2026-04-12 14:17:09,950] [[33mWARNING[0m] [logger.py:116] No door detected in TRANSITIONING state
[2026-04-12 14:17:10,012] [[33mWARNING[0m] [logger.py:116] No door detected in TRANSITIONING state
[2026-04-12 14:17:10,074] [[33mWARNING[0m] [logger.py:116] No door detected in TRANSITIONING state
[2026-04-12 14:17:10,139] [[33mWARNING[0m] [logger.py:116] No door detected in TRANSITIONING state
[2026-04-12 14:17:10,202] [[33mWARNING[0m] [logger.py:116] No door detected in TRANSITIONING state
[2026-04-12 14:17:10,301] [[33mWARNING[0m] [logger.py:116] No door detected in TRANSITIONING state
[2026-04-12 14:17:10,366] [[33mWARNING[0m] [logger.py:116] No door detected in TRANSITIONING state
[2026-04-12 14:17:10,435] [[33mWARNING[0m] [logger.py:116] No door detected in TRANSITIONING state
[2026-04-12 14:17:10,497] [[33mWARNING[0m] [logger.py:116] No door detected in TRANSITIONING state
[2026-04-12 14:17:10,555] [[33mWARNING[0m] [logger.py:116] No door detected in TRANSITIONING state
[2026-04-12 14:17:10,653] [[33mWARNING[0m] [logger.py:116] No door detected in TRANSITIONING state
[2026-04-12 14:17:10,713] [[33mWARNING[0m] [logger.py:116] No door detected in TRANSITIONING state
[2026-04-12 14:17:10,773] [[33mWARNING[0m] [logger.py:116] No door detected in TRANSITIONING state
[2026-04-12 14:17:10,834] [[33mWARNING[0m] [logger.py:116] No door detected in TRANSITIONING state
[2026-04-12 14:17:10,894] [[33mWARNING[0m] [logger.py:116] No door detected in TRANSITIONING state
[2026-04-12 14:17:10,985] [[33mWARNING[0m] [logger.py:116] No door detected in TRANSITIONING state
[2026-04-12 14:17:11,048] [[33mWARNING[0m] [logger.py:116] No door detected in TRANSITIONING state
[2026-04-12 14:17:11,120] [[33mWARNING[0m] [logger.py:116] No door detected in TRANSITIONING state
[2026-04-12 14:17:11,177] [[33mWARNING[0m] [logger.py:116] No door detected in TRANSITIONING state
[2026-04-12 14:17:11,236] [[33mWARNING[0m] [logger.py:116] No door detected in TRANSITIONING state
[2026-04-12 14:17:11,335] [[33mWARNING[0m] [logger.py:116] No door detected in TRANSITIONING state
[2026-04-12 14:17:11,396] [[33mWARNING[0m] [logger.py:116] No door detected in TRANSITIONING state
[2026-04-12 14:17:11,456] [[33mWARNING[0m] [logger.py:116] No door detected in TRANSITIONING state
[2026-04-12 14:17:11,517] [[33mWARNING[0m] [logger.py:116] No door detected in TRANSITIONING state
[2026-04-12 14:17:11,582] [[33mWARNING[0m] [logger.py:116] No door detected in TRANSITIONING state
[2026-04-12 14:17:11,676] [[33mWARNING[0m] [logger.py:116] No door detected in TRANSITIONING state
[2026-04-12 14:17:11,740] [[33mWARNING[0m] [logger.py:116] No door detected in TRANSITIONING state
[2026-04-12 14:17:11,804] [[33mWARNING[0m] [logger.py:116] No door detected in TRANSITIONING state
[2026-04-12 14:17:11,866] [[33mWARNING[0m] [logger.py:116] No door detected in TRANSITIONING state
[2026-04-12 14:17:11,934] [[33mWARNING[0m] [logger.py:116] No door detected in TRANSITIONING state
[2026-04-12 14:17:12,040] [[33mWARNING[0m] [logger.py:116] No door detected in TRANSITIONING state
[2026-04-12 14:17:12,100] [[33mWARNING[0m] [logger.py:116] No door detected in TRANSITIONING state
[2026-04-12 14:17:12,159] [[33mWARNING[0m] [logger.py:116] No door detected in TRANSITIONING state
[2026-04-12 14:17:12,218] [[33mWARNING[0m] [logger.py:116] No door detected in TRANSITIONING state
[2026-04-12 14:17:12,281] [[33mWARNING[0m] [logger.py:116] No door detected in TRANSITIONING state
[2026-04-12 14:17:12,378] [[33mWARNING[0m] [logger.py:116] No door detected in TRANSITIONING state
[2026-04-12 14:17:12,440] [[33mWARNING[0m] [logger.py:116] No door detected in TRANSITIONING state
[2026-04-12 14:17:12,503] [[33mWARNING[0m] [logger.py:116] No door detected in TRANSITIONING state
[2026-04-12 14:17:12,564] [[33mWARNING[0m] [logger.py:116] No door detected in TRANSITIONING state
[2026-04-12 14:17:12,627] [[33mWARNING[0m] [logger.py:116] No door detected in TRANSITIONING state
[2026-04-12 14:17:12,724] [[33mWARNING[0m] [logger.py:116] No door detected in TRANSITIONING state
[2026-04-12 14:17:12,800] [[33mWARNING[0m] [logger.py:116] No door detected in TRANSITIONING state
[2026-04-12 14:17:12,862] [[33mWARNING[0m] [logger.py:116] No door detected in TRANSITIONING state
[2026-04-12 14:17:12,923] [[33mWARNING[0m] [logger.py:116] No door detected in TRANSITIONING state
[2026-04-12 14:17:12,986] [[33mWARNING[0m] [logger.py:116] No door detected in TRANSITIONING state
[2026-04-12 14:17:13,078] [[33mWARNING[0m] [logger.py:116] No door detected in TRANSITIONING state
[2026-04-12 14:17:13,143] [[33mWARNING[0m] [logger.py:116] No door detected in TRANSITIONING state
[2026-04-12 14:17:13,204] [[33mWARNING[0m] [logger.py:116] No door detected in TRANSITIONING state
[2026-04-12 14:17:13,265] [[33mWARNING[0m] [logger.py:116] No door detected in TRANSITIONING state
[2026-04-12 14:17:13,324] [[33mWARNING[0m] [logger.py:116] No door detected in TRANSITIONING state
[2026-04-12 14:17:13,429] [[33mWARNING[0m] [logger.py:116] No door detected in TRANSITIONING state
[2026-04-12 14:17:13,488] [[33mWARNING[0m] [logger.py:116] No door detected in TRANSITIONING state
[2026-04-12 14:17:13,549] [[33mWARNING[0m] [logger.py:116] No door detected in TRANSITIONING state
[2026-04-12 14:17:13,609] [[33mWARNING[0m] [logger.py:116] No door detected in TRANSITIONING state
[2026-04-12 14:17:13,675] [[33mWARNING[0m] [logger.py:116] No door detected in TRANSITIONING state
[2026-04-12 14:17:13,767] [[33mWARNING[0m] [logger.py:116] No door detected in TRANSITIONING state
[2026-04-12 14:17:13,827] [[33mWARNING[0m] [logger.py:116] No door detected in TRANSITIONING state
[2026-04-12 14:17:13,890] [[33mWARNING[0m] [logger.py:116] No door detected in TRANSITIONING state
[2026-04-12 14:17:13,952] [[33mWARNING[0m] [logger.py:116] No door detected in TRANSITIONING state
[2026-04-12 14:17:14,012] [[33mWARNING[0m] [logger.py:116] No door detected in TRANSITIONING state
[2026-04-12 14:17:14,169] [[33mWARNING[0m] [logger.py:116] No door detected in TRANSITIONING state
[2026-04-12 14:17:14,230] [[33mWARNING[0m] [logger.py:116] No door detected in TRANSITIONING state
[2026-04-12 14:17:14,292] [[33mWARNING[0m] [logger.py:116] No door detected in TRANSITIONING state
[2026-04-12 14:17:14,356] [[33mWARNING[0m] [logger.py:116] No door detected in TRANSITIONING state
[2026-04-12 14:17:14,448] [[33mWARNING[0m] [logger.py:116] No door detected in TRANSITIONING state
[2026-04-12 14:17:14,511] [[33mWARNING[0m] [logger.py:116] No door detected in TRANSITIONING state
[2026-04-12 14:17:14,573] [[33mWARNING[0m] [logger.py:116] No door detected in TRANSITIONING state
[2026-04-12 14:17:14,635] [[33mWARNING[0m] [logger.py:116] No door detected in TRANSITIONING state
[2026-04-12 14:17:14,696] [[33mWARNING[0m] [logger.py:116] No door detected in TRANSITIONING state
[2026-04-12 14:17:14,793] [[33mWARNING[0m] [logger.py:116] No door detected in TRANSITIONING state
[2026-04-12 14:17:14,855] [[33mWARNING[0m] [logger.py:116] No door detected in TRANSITIONING state
[2026-04-12 14:17:14,917] [[33mWARNING[0m] [logger.py:116] No door detected in TRANSITIONING state
[2026-04-12 14:17:14,979] [[33mWARNING[0m] [logger.py:116] No door detected in TRANSITIONING state
[2026-04-12 14:17:15,043] [[33mWARNING[0m] [logger.py:116] No door detected in TRANSITIONING state
[2026-04-12 14:17:15,137] [[33mWARNING[0m] [logger.py:116] No door detected in TRANSITIONING state
[2026-04-12 14:17:15,197] [[33mWARNING[0m] [logger.py:116] No door detected in TRANSITIONING state
[2026-04-12 14:17:15,260] [[33mWARNING[0m] [logger.py:116] No door detected in TRANSITIONING state
[2026-04-12 14:17:15,323] [[33mWARNING[0m] [logger.py:116] No door detected in TRANSITIONING state
[2026-04-12 14:17:15,382] [[33mWARNING[0m] [logger.py:116] No door detected in TRANSITIONING state
[2026-04-12 14:17:15,483] [[33mWARNING[0m] [logger.py:116] No door detected in TRANSITIONING state
[2026-04-12 14:17:15,542] [[33mWARNING[0m] [logger.py:116] No door detected in TRANSITIONING state
[2026-04-12 14:17:15,602] [[33mWARNING[0m] [logger.py:116] No door detected in TRANSITIONING state
[2026-04-12 14:17:15,666] [[33mWARNING[0m] [logger.py:116] No door detected in TRANSITIONING state
[2026-04-12 14:17:15,733] [[33mWARNING[0m] [logger.py:116] No door detected in TRANSITIONING state
[2026-04-12 14:17:15,824] [[33mWARNING[0m] [logger.py:116] No door detected in TRANSITIONING state
[2026-04-12 14:17:15,889] [[33mWARNING[0m] [logger.py:116] No door detected in TRANSITIONING state
[2026-04-12 14:17:15,953] [[33mWARNING[0m] [logger.py:116] No door detected in TRANSITIONING state
[2026-04-12 14:17:16,016] [[33mWARNING[0m] [logger.py:116] No door detected in TRANSITIONING state
[2026-04-12 14:17:16,075] [[33mWARNING[0m] [logger.py:116] No door detected in TRANSITIONING state
[2026-04-12 14:17:16,169] [[33mWARNING[0m] [logger.py:116] No door detected in TRANSITIONING state
[2026-04-12 14:17:16,232] [[33mWARNING[0m] [logger.py:116] No door detected in TRANSITIONING state
[2026-04-12 14:17:16,289] [[33mWARNING[0m] [logger.py:116] No door detected in TRANSITIONING state
[2026-04-12 14:17:16,350] [[33mWARNING[0m] [logger.py:116] No door detected in TRANSITIONING state
[2026-04-12 14:17:16,412] [[33mWARNING[0m] [logger.py:116] No door detected in TRANSITIONING state
[2026-04-12 14:17:16,504] [[33mWARNING[0m] [logger.py:116] No door detected in TRANSITIONING state
[2026-04-12 14:17:16,565] [[33mWARNING[0m] [logger.py:116] No door detected in TRANSITIONING state
[2026-04-12 14:17:16,627] [[33mWARNING[0m] [logger.py:116] No door detected in TRANSITIONING state
[2026-04-12 14:17:16,691] [[33mWARNING[0m] [logger.py:116] No door detected in TRANSITIONING state
[2026-04-12 14:17:16,751] [[33mWARNING[0m] [logger.py:116] No door detected in TRANSITIONING state
[2026-04-12 14:17:16,845] [[33mWARNING[0m] [logger.py:116] No door detected in TRANSITIONING state
[2026-04-12 14:17:16,905] [[33mWARNING[0m] [logger.py:116] No door detected in TRANSITIONING state
[2026-04-12 14:17:16,963] [[33mWARNING[0m] [logger.py:116] No door detected in TRANSITIONING state
[2026-04-12 14:17:17,023] [[33mWARNING[0m] [logger.py:116] No door detected in TRANSITIONING state
[2026-04-12 14:17:17,087] [[33mWARNING[0m] [logger.py:116] No door detected in TRANSITIONING state
[2026-04-12 14:17:17,185] [[33mWARNING[0m] [logger.py:116] No door detected in TRANSITIONING state
[2026-04-12 14:17:17,244] [[33mWARNING[0m] [logger.py:116] No door detected in TRANSITIONING state
[2026-04-12 14:17:17,308] [[33mWARNING[0m] [logger.py:116] No door detected in TRANSITIONING state
[2026-04-12 14:17:17,365] [[33mWARNING[0m] [logger.py:116] No door detected in TRANSITIONING state
[2026-04-12 14:17:17,424] [[33mWARNING[0m] [logger.py:116] No door detected in TRANSITIONING state
[2026-04-12 14:17:17,522] [[33mWARNING[0m] [logger.py:116] No door detected in TRANSITIONING state
[2026-04-12 14:17:17,581] [[33mWARNING[0m] [logger.py:116] No door detected in TRANSITIONING state
[2026-04-12 14:17:17,641] [[33mWARNING[0m] [logger.py:116] No door detected in TRANSITIONING state
[2026-04-12 14:17:17,700] [[33mWARNING[0m] [logger.py:116] No door detected in TRANSITIONING state
[2026-04-12 14:17:17,763] [[33mWARNING[0m] [logger.py:116] No door detected in TRANSITIONING state
[2026-04-12 14:17:17,860] [[33mWARNING[0m] [logger.py:116] No door detected in TRANSITIONING state
[2026-04-12 14:17:17,926] [[33mWARNING[0m] [logger.py:116] No door detected in TRANSITIONING state
[2026-04-12 14:17:17,986] [[33mWARNING[0m] [logger.py:116] No door detected in TRANSITIONING state
[2026-04-12 14:17:18,050] [[33mWARNING[0m] [logger.py:116] No door detected in TRANSITIONING state
[2026-04-12 14:17:18,109] [[33mWARNING[0m] [logger.py:116] No door detected in TRANSITIONING state
[2026-04-12 14:17:18,206] [[33mWARNING[0m] [logger.py:116] No door detected in TRANSITIONING state
[2026-04-12 14:17:18,267] [[33mWARNING[0m] [logger.py:116] No door detected in TRANSITIONING state
[2026-04-12 14:17:18,324] [[33mWARNING[0m] [logger.py:116] No door detected in TRANSITIONING state
[2026-04-12 14:17:18,381] [[33mWARNING[0m] [logger.py:116] No door detected in TRANSITIONING state
[2026-04-12 14:17:18,443] [[33mWARNING[0m] [logger.py:116] No door detected in TRANSITIONING state
[2026-04-12 14:17:18,535] [[33mWARNING[0m] [logger.py:116] No door detected in TRANSITIONING state
[2026-04-12 14:17:18,596] [[33mWARNING[0m] [logger.py:116] No door detected in TRANSITIONING state
[2026-04-12 14:17:18,660] [[33mWARNING[0m] [logger.py:116] No door detected in TRANSITIONING state
[2026-04-12 14:17:18,725] [[33mWARNING[0m] [logger.py:116] No door detected in TRANSITIONING state
[2026-04-12 14:17:18,784] [[33mWARNING[0m] [logger.py:116] No door detected in TRANSITIONING state
[2026-04-12 14:17:18,888] [[33mWARNING[0m] [logger.py:116] No door detected in TRANSITIONING state
[2026-04-12 14:17:18,949] [[33mWARNING[0m] [logger.py:116] No door detected in TRANSITIONING state
[2026-04-12 14:17:19,006] [[33mWARNING[0m] [logger.py:116] No door detected in TRANSITIONING state
[2026-04-12 14:17:19,071] [[33mWARNING[0m] [logger.py:116] No door detected in TRANSITIONING state
[2026-04-12 14:17:19,137] [[33mWARNING[0m] [logger.py:116] No door detected in TRANSITIONING state
[2026-04-12 14:17:19,225] [[33mWARNING[0m] [logger.py:116] No door detected in TRANSITIONING state
[2026-04-12 14:17:19,289] [[33mWARNING[0m] [logger.py:116] No door detected in TRANSITIONING state
[2026-04-12 14:17:19,351] [[33mWARNING[0m] [logger.py:116] No door detected in TRANSITIONING state
[2026-04-12 14:17:19,412] [[33mWARNING[0m] [logger.py:116] No door detected in TRANSITIONING state
[2026-04-12 14:17:19,472] [[33mWARNING[0m] [logger.py:116] No door detected in TRANSITIONING state
[2026-04-12 14:17:19,570] [[33mWARNING[0m] [logger.py:116] No door detected in TRANSITIONING state
[2026-04-12 14:17:19,633] [[33mWARNING[0m] [logger.py:116] No door detected in TRANSITIONING state
[2026-04-12 14:17:19,693] [[33mWARNING[0m] [logger.py:116] No door detected in TRANSITIONING state
[2026-04-12 14:17:19,749] [[33mWARNING[0m] [logger.py:116] No door detected in TRANSITIONING state
[2026-04-12 14:17:19,812] [[33mWARNING[0m] [logger.py:116] No door detected in TRANSITIONING state
[2026-04-12 14:17:19,907] [[33mWARNING[0m] [logger.py:116] No door detected in TRANSITIONING state
[2026-04-12 14:17:19,968] [[33mWARNING[0m] [logger.py:116] No door detected in TRANSITIONING state
[2026-04-12 14:17:20,032] [[33mWARNING[0m] [logger.py:116] No door detected in TRANSITIONING state
[2026-04-12 14:17:20,294] [[33mWARNING[0m] [logger.py:116] No door detected in TRANSITIONING state
[2026-04-12 14:17:20,355] [[33mWARNING[0m] [logger.py:116] No door detected in TRANSITIONING state
[2026-04-12 14:17:20,414] [[33mWARNING[0m] [logger.py:116] No door detected in TRANSITIONING state
[2026-04-12 14:17:20,480] [[33mWARNING[0m] [logger.py:116] No door detected in TRANSITIONING state
[2026-04-12 14:17:20,545] [[33mWARNING[0m] [logger.py:116] No door detected in TRANSITIONING state
[2026-04-12 14:17:20,638] [[33mWARNING[0m] [logger.py:116] No door detected in TRANSITIONING state
[2026-04-12 14:17:20,699] [[33mWARNING[0m] [logger.py:116] No door detected in TRANSITIONING state
[2026-04-12 14:17:20,764] [[33mWARNING[0m] [logger.py:116] No door detected in TRANSITIONING state
[2026-04-12 14:17:20,829] [[33mWARNING[0m] [logger.py:116] No door detected in TRANSITIONING state
[2026-04-12 14:17:20,889] [[33mWARNING[0m] [logger.py:116] No door detected in TRANSITIONING state
[2026-04-12 14:17:20,987] [[33mWARNING[0m] [logger.py:116] No door detected in TRANSITIONING state
[2026-04-12 14:17:21,049] [[33mWARNING[0m] [logger.py:116] No door detected in TRANSITIONING state
[2026-04-12 14:17:21,110] [[33mWARNING[0m] [logger.py:116] No door detected in TRANSITIONING state
[2026-04-12 14:17:21,170] [[33mWARNING[0m] [logger.py:116] No door detected in TRANSITIONING state
[2026-04-12 14:17:21,232] [[33mWARNING[0m] [logger.py:116] No door detected in TRANSITIONING state
[2026-04-12 14:17:21,326] [[33mWARNING[0m] [logger.py:116] No door detected in TRANSITIONING state
[2026-04-12 14:17:21,393] [[33mWARNING[0m] [logger.py:116] No door detected in TRANSITIONING state
[2026-04-12 14:17:21,459] [[33mWARNING[0m] [logger.py:116] No door detected in TRANSITIONING state
[2026-04-12 14:17:21,532] [[33mWARNING[0m] [logger.py:116] No door detected in TRANSITIONING state
[2026-04-12 14:17:21,595] [[33mWARNING[0m] [logger.py:116] No door detected in TRANSITIONING state
[2026-04-12 14:17:21,694] [[33mWARNING[0m] [logger.py:116] No door detected in TRANSITIONING state
[2026-04-12 14:17:21,755] [[33mWARNING[0m] [logger.py:116] No door detected in TRANSITIONING state
[2026-04-12 14:17:21,818] [[33mWARNING[0m] [logger.py:116] No door detected in TRANSITIONING state
[2026-04-12 14:17:21,883] [[33mWARNING[0m] [logger.py:116] No door detected in TRANSITIONING state
[2026-04-12 14:17:21,958] [[33mWARNING[0m] [logger.py:116] No door detected in TRANSITIONING state
[2026-04-12 14:17:22,067] [[33mWARNING[0m] [logger.py:116] No door detected in TRANSITIONING state
[2026-04-12 14:17:22,141] [[33mWARNING[0m] [logger.py:116] No door detected in TRANSITIONING state
[2026-04-12 14:17:22,209] [[33mWARNING[0m] [logger.py:116] No door detected in TRANSITIONING state
[2026-04-12 14:17:22,278] [[33mWARNING[0m] [logger.py:116] No door detected in TRANSITIONING state
[2026-04-12 14:17:22,342] [[33mWARNING[0m] [logger.py:116] No door detected in TRANSITIONING state
[2026-04-12 14:17:22,436] [[33mWARNING[0m] [logger.py:116] No door detected in TRANSITIONING state
[2026-04-12 14:17:22,499] [[33mWARNING[0m] [logger.py:116] No door detected in TRANSITIONING state
[2026-04-12 14:17:22,561] [[33mWARNING[0m] [logger.py:116] No door detected in TRANSITIONING state
[2026-04-12 14:17:22,617] [[33mWARNING[0m] [logger.py:116] No door detected in TRANSITIONING state
[2026-04-12 14:17:22,676] [[33mWARNING[0m] [logger.py:116] No door detected in TRANSITIONING state
[2026-04-12 14:17:22,776] [[33mWARNING[0m] [logger.py:116] No door detected in TRANSITIONING state
[2026-04-12 14:17:22,841] [[33mWARNING[0m] [logger.py:116] No door detected in TRANSITIONING state
[2026-04-12 14:17:22,906] [[33mWARNING[0m] [logger.py:116] No door detected in TRANSITIONING state
[2026-04-12 14:17:22,972] [[33mWARNING[0m] [logger.py:116] No door detected in TRANSITIONING state
[2026-04-12 14:17:23,032] [[33mWARNING[0m] [logger.py:116] No door detected in TRANSITIONING state
[2026-04-12 14:17:23,128] [[33mWARNING[0m] [logger.py:116] No door detected in TRANSITIONING state
[2026-04-12 14:17:23,192] [[33mWARNING[0m] [logger.py:116] No door detected in TRANSITIONING state
[2026-04-12 14:17:23,255] [[33mWARNING[0m] [logger.py:116] No door detected in TRANSITIONING state
[2026-04-12 14:17:23,312] [[33mWARNING[0m] [logger.py:116] No door detected in TRANSITIONING state
[2026-04-12 14:17:23,377] [[33mWARNING[0m] [logger.py:116] No door detected in TRANSITIONING state
[2026-04-12 14:17:23,470] [[33mWARNING[0m] [logger.py:116] No door detected in TRANSITIONING state
[2026-04-12 14:17:23,531] [[33mWARNING[0m] [logger.py:116] No door detected in TRANSITIONING state
[2026-04-12 14:17:23,593] [[33mWARNING[0m] [logger.py:116] No door detected in TRANSITIONING state
[2026-04-12 14:17:23,656] [[33mWARNING[0m] [logger.py:116] No door detected in TRANSITIONING state
[2026-04-12 14:17:23,715] [[33mWARNING[0m] [logger.py:116] No door detected in TRANSITIONING state
[2026-04-12 14:17:23,816] [[33mWARNING[0m] [logger.py:116] No door detected in TRANSITIONING state
[2026-04-12 14:17:23,881] [[33mWARNING[0m] [logger.py:116] No door detected in TRANSITIONING state
[2026-04-12 14:17:23,939] [[33mWARNING[0m] [logger.py:116] No door detected in TRANSITIONING state
[2026-04-12 14:17:24,002] [[33mWARNING[0m] [logger.py:116] No door detected in TRANSITIONING state
[2026-04-12 14:17:24,066] [[33mWARNING[0m] [logger.py:116] No door detected in TRANSITIONING state
[2026-04-12 14:17:24,159] [[33mWARNING[0m] [logger.py:116] No door detected in TRANSITIONING state
[2026-04-12 14:17:24,220] [[33mWARNING[0m] [logger.py:116] No door detected in TRANSITIONING state
[2026-04-12 14:17:24,283] [[33mWARNING[0m] [logger.py:116] No door detected in TRANSITIONING state
[2026-04-12 14:17:24,343] [[33mWARNING[0m] [logger.py:116] No door detected in TRANSITIONING state
[2026-04-12 14:17:24,401] [[33mWARNING[0m] [logger.py:116] No door detected in TRANSITIONING state
[2026-04-12 14:17:24,500] [[33mWARNING[0m] [logger.py:116] No door detected in TRANSITIONING state
[2026-04-12 14:17:24,561] [[33mWARNING[0m] [logger.py:116] No door detected in TRANSITIONING state
[2026-04-12 14:17:24,619] [[33mWARNING[0m] [logger.py:116] No door detected in TRANSITIONING state
[2026-04-12 14:17:24,679] [[33mWARNING[0m] [logger.py:116] No door detected in TRANSITIONING state
[2026-04-12 14:17:24,750] [[33mWARNING[0m] [logger.py:116] No door detected in TRANSITIONING state
[2026-04-12 14:17:24,843] [[33mWARNING[0m] [logger.py:116] No door detected in TRANSITIONING state
[2026-04-12 14:17:24,906] [[33mWARNING[0m] [logger.py:116] No door detected in TRANSITIONING state
[2026-04-12 14:17:24,972] [[33mWARNING[0m] [logger.py:116] No door detected in TRANSITIONING state
[2026-04-12 14:17:25,034] [[33mWARNING[0m] [logger.py:116] No door detected in TRANSITIONING state
[2026-04-12 14:17:25,092] [[33mWARNING[0m] [logger.py:116] No door detected in TRANSITIONING state
[2026-04-12 14:17:25,186] [[33mWARNING[0m] [logger.py:116] No door detected in TRANSITIONING state
[2026-04-12 14:17:25,247] [[33mWARNING[0m] [logger.py:116] No door detected in TRANSITIONING state
[2026-04-12 14:17:25,307] [[33mWARNING[0m] [logger.py:116] No door detected in TRANSITIONING state
[2026-04-12 14:17:25,368] [[33mWARNING[0m] [logger.py:116] No door detected in TRANSITIONING state
[2026-04-12 14:17:25,435] [[33mWARNING[0m] [logger.py:116] No door detected in TRANSITIONING state
[2026-04-12 14:17:25,527] [[33mWARNING[0m] [logger.py:116] No door detected in TRANSITIONING state
[2026-04-12 14:17:25,590] [[33mWARNING[0m] [logger.py:116] No door detected in TRANSITIONING state
[2026-04-12 14:17:25,653] [[33mWARNING[0m] [logger.py:116] No door detected in TRANSITIONING state
[2026-04-12 14:17:25,715] [[33mWARNING[0m] [logger.py:116] No door detected in TRANSITIONING state
[2026-04-12 14:17:25,780] [[33mWARNING[0m] [logger.py:116] No door detected in TRANSITIONING state
[2026-04-12 14:17:25,881] [[33mWARNING[0m] [logger.py:116] No door detected in TRANSITIONING state
[2026-04-12 14:17:25,940] [[33mWARNING[0m] [logger.py:116] No door detected in TRANSITIONING state
[2026-04-12 14:17:26,001] [[33mWARNING[0m] [logger.py:116] No door detected in TRANSITIONING state
[2026-04-12 14:17:26,062] [[33mWARNING[0m] [logger.py:116] No door detected in TRANSITIONING state
[2026-04-12 14:17:26,126] [[33mWARNING[0m] [logger.py:116] No door detected in TRANSITIONING state
[2026-04-12 14:17:26,217] [[33mWARNING[0m] [logger.py:116] No door detected in TRANSITIONING state
[2026-04-12 14:17:26,278] [[33mWARNING[0m] [logger.py:116] No door detected in TRANSITIONING state
[2026-04-12 14:17:26,338] [[33mWARNING[0m] [logger.py:116] No door detected in TRANSITIONING state
[2026-04-12 14:17:26,400] [[33mWARNING[0m] [logger.py:116] No door detected in TRANSITIONING state
[2026-04-12 14:17:26,457] [[33mWARNING[0m] [logger.py:116] No door detected in TRANSITIONING state
[2026-04-12 14:17:26,518] [[33mWARNING[0m] [logger.py:116] No door detected in TRANSITIONING state
[2026-04-12 14:17:26,614] [[33mWARNING[0m] [logger.py:116] No door detected in TRANSITIONING state
[2026-04-12 14:17:26,674] [[33mWARNING[0m] [logger.py:116] No door detected in TRANSITIONING state
[2026-04-12 14:17:26,735] [[33mWARNING[0m] [logger.py:116] No door detected in TRANSITIONING state
[2026-04-12 14:17:26,797] [[33mWARNING[0m] [logger.py:116] No door detected in TRANSITIONING state
[2026-04-12 14:17:26,855] [[33mWARNING[0m] [logger.py:116] No door detected in TRANSITIONING state
[2026-04-12 14:17:26,953] [[33mWARNING[0m] [logger.py:116] No door detected in TRANSITIONING state
[2026-04-12 14:17:27,019] [[33mWARNING[0m] [logger.py:116] No door detected in TRANSITIONING state
[2026-04-12 14:17:27,077] [[33mWARNING[0m] [logger.py:116] No door detected in TRANSITIONING state
[2026-04-12 14:17:27,137] [[33mWARNING[0m] [logger.py:116] No door detected in TRANSITIONING state
[2026-04-12 14:17:27,199] [[33mWARNING[0m] [logger.py:116] No door detected in TRANSITIONING state
[2026-04-12 14:17:27,300] [[33mWARNING[0m] [logger.py:116] No door detected in TRANSITIONING state
[2026-04-12 14:17:27,362] [[33mWARNING[0m] [logger.py:116] No door detected in TRANSITIONING state
[2026-04-12 14:17:27,424] [[33mWARNING[0m] [logger.py:116] No door detected in TRANSITIONING state
[2026-04-12 14:17:27,489] [[33mWARNING[0m] [logger.py:116] No door detected in TRANSITIONING state
[2026-04-12 14:17:27,549] [[33mWARNING[0m] [logger.py:116] No door detected in TRANSITIONING state
[2026-04-12 14:17:27,652] [[33mWARNING[0m] [logger.py:116] No door detected in TRANSITIONING state
[2026-04-12 14:17:27,713] [[33mWARNING[0m] [logger.py:116] No door detected in TRANSITIONING state
[2026-04-12 14:17:27,771] [[33mWARNING[0m] [logger.py:116] No door detected in TRANSITIONING state
[2026-04-12 14:17:27,832] [[33mWARNING[0m] [logger.py:116] No door detected in TRANSITIONING state
[2026-04-12 14:17:27,896] [[33mWARNING[0m] [logger.py:116] No door detected in TRANSITIONING state
[2026-04-12 14:17:27,993] [[33mWARNING[0m] [logger.py:116] No door detected in TRANSITIONING state
[2026-04-12 14:17:28,058] [[33mWARNING[0m] [logger.py:116] No door detected in TRANSITIONING state
[2026-04-12 14:17:28,121] [[33mWARNING[0m] [logger.py:116] No door detected in TRANSITIONING state
[2026-04-12 14:17:28,180] [[33mWARNING[0m] [logger.py:116] No door detected in TRANSITIONING state
[2026-04-12 14:17:28,239] [[33mWARNING[0m] [logger.py:116] No door detected in TRANSITIONING state
[2026-04-12 14:17:28,340] [[33mWARNING[0m] [logger.py:116] No door detected in TRANSITIONING state
[2026-04-12 14:17:28,402] [[33mWARNING[0m] [logger.py:116] No door detected in TRANSITIONING state
[2026-04-12 14:17:28,463] [[33mWARNING[0m] [logger.py:116] No door detected in TRANSITIONING state
[2026-04-12 14:17:28,525] [[33mWARNING[0m] [logger.py:116] No door detected in TRANSITIONING state
[2026-04-12 14:17:28,588] [[33mWARNING[0m] [logger.py:116] No door detected in TRANSITIONING state
[2026-04-12 14:17:28,684] [[33mWARNING[0m] [logger.py:116] No door detected in TRANSITIONING state
[2026-04-12 14:17:28,743] [[33mWARNING[0m] [logger.py:116] No door detected in TRANSITIONING state
[2026-04-12 14:17:28,808] [[33mWARNING[0m] [logger.py:116] No door detected in TRANSITIONING state
[2026-04-12 14:17:28,873] [[33mWARNING[0m] [logger.py:116] No door detected in TRANSITIONING state
[2026-04-12 14:17:28,943] [[33mWARNING[0m] [logger.py:116] No door detected in TRANSITIONING state
[2026-04-12 14:17:29,042] [[33mWARNING[0m] [logger.py:116] No door detected in TRANSITIONING state
[2026-04-12 14:17:29,100] [[33mWARNING[0m] [logger.py:116] No door detected in TRANSITIONING state
[2026-04-12 14:17:29,158] [[33mWARNING[0m] [logger.py:116] No door detected in TRANSITIONING state
[2026-04-12 14:17:29,221] [[33mWARNING[0m] [logger.py:116] No door detected in TRANSITIONING state
[2026-04-12 14:17:29,282] [[33mWARNING[0m] [logger.py:116] No door detected in TRANSITIONING state
[2026-04-12 14:17:29,377] [[33mWARNING[0m] [logger.py:116] No door detected in TRANSITIONING state
[2026-04-12 14:17:29,441] [[33mWARNING[0m] [logger.py:116] No door detected in TRANSITIONING state
[2026-04-12 14:17:29,502] [[33mWARNING[0m] [logger.py:116] No door detected in TRANSITIONING state
[2026-04-12 14:17:29,564] [[33mWARNING[0m] [logger.py:116] No door detected in TRANSITIONING state
[2026-04-12 14:17:29,641] [[33mWARNING[0m] [logger.py:116] No door detected in TRANSITIONING state
[2026-04-12 14:17:29,742] [[33mWARNING[0m] [logger.py:116] No door detected in TRANSITIONING state
[2026-04-12 14:17:29,802] [[33mWARNING[0m] [logger.py:116] No door detected in TRANSITIONING state
[2026-04-12 14:17:29,871] [[33mWARNING[0m] [logger.py:116] No door detected in TRANSITIONING state
[2026-04-12 14:17:29,933] [[33mWARNING[0m] [logger.py:116] No door detected in TRANSITIONING state
[2026-04-12 14:17:29,990] [[33mWARNING[0m] [logger.py:116] No door detected in TRANSITIONING state
[2026-04-12 14:17:30,098] [[33mWARNING[0m] [logger.py:116] No door detected in TRANSITIONING state
[2026-04-12 14:17:30,163] [[33mWARNING[0m] [logger.py:116] No door detected in TRANSITIONING state
[2026-04-12 14:17:30,222] [[33mWARNING[0m] [logger.py:116] No door detected in TRANSITIONING state
[2026-04-12 14:17:30,287] [[33mWARNING[0m] [logger.py:116] No door detected in TRANSITIONING state
[2026-04-12 14:17:30,349] [[33mWARNING[0m] [logger.py:116] No door detected in TRANSITIONING state
[2026-04-12 14:17:30,450] [[33mWARNING[0m] [logger.py:116] No door detected in TRANSITIONING state
[2026-04-12 14:17:30,516] [[33mWARNING[0m] [logger.py:116] No door detected in TRANSITIONING state
[2026-04-12 14:17:30,577] [[33mWARNING[0m] [logger.py:116] No door detected in TRANSITIONING state
[2026-04-12 14:17:30,642] [[33mWARNING[0m] [logger.py:116] No door detected in TRANSITIONING state
[2026-04-12 14:17:30,718] [[33mWARNING[0m] [logger.py:116] No door detected in TRANSITIONING state
[2026-04-12 14:17:30,820] [[33mWARNING[0m] [logger.py:116] No door detected in TRANSITIONING state
[2026-04-12 14:17:30,882] [[33mWARNING[0m] [logger.py:116] No door detected in TRANSITIONING state
[2026-04-12 14:17:30,947] [[33mWARNING[0m] [logger.py:116] No door detected in TRANSITIONING state
[2026-04-12 14:17:31,017] [[33mWARNING[0m] [logger.py:116] No door detected in TRANSITIONING state
[2026-04-12 14:17:31,075] [[33mWARNING[0m] [logger.py:116] No door detected in TRANSITIONING state
[2026-04-12 14:17:31,166] [[33mWARNING[0m] [logger.py:116] No door detected in TRANSITIONING state
[2026-04-12 14:17:31,231] [[33mWARNING[0m] [logger.py:116] No door detected in TRANSITIONING state
[2026-04-12 14:17:31,294] [[33mWARNING[0m] [logger.py:116] No door detected in TRANSITIONING state
[2026-04-12 14:17:31,354] [[33mWARNING[0m] [logger.py:116] No door detected in TRANSITIONING state
[2026-04-12 14:17:31,420] [[33mWARNING[0m] [logger.py:116] No door detected in TRANSITIONING state
[2026-04-12 14:17:31,517] [[33mWARNING[0m] [logger.py:116] No door detected in TRANSITIONING state
[2026-04-12 14:17:31,575] [[33mWARNING[0m] [logger.py:116] No door detected in TRANSITIONING state
[2026-04-12 14:17:31,643] [[33mWARNING[0m] [logger.py:116] No door detected in TRANSITIONING state
[2026-04-12 14:17:31,708] [[33mWARNING[0m] [logger.py:116] No door detected in TRANSITIONING state
[2026-04-12 14:17:31,770] [[33mWARNING[0m] [logger.py:116] No door detected in TRANSITIONING state
[2026-04-12 14:17:31,869] [[33mWARNING[0m] [logger.py:116] No door detected in TRANSITIONING state
[2026-04-12 14:17:31,939] [[33mWARNING[0m] [logger.py:116] No door detected in TRANSITIONING state
[2026-04-12 14:17:31,993] [[32mINFO[0m] [logger.py:112] Interrupted by user
[2026-04-12 14:17:31,993] [[32mINFO[0m] [logger.py:112] Stopping engine...
[2026-04-12 14:17:31,998] [[32mINFO[0m] [logger.py:128] [32m✓ Engine stopped[0m
